TIMESTAMP;EVENT;SD;PINB;TINB;Q;POUTB;TOUTB;REVHP;REVLP;REVWE;TFIRE;CF
2013-02-08 17:12:46;;;52.50617;;;;;;;;;
2013-02-08 17:15:46;;;;;;68.53318;;;;;;
2013-02-08 18:16:01;;;;;;68.40762;;;;;;
2013-02-08 18:16:46;;;;;;68.508575;;;;;;
2013-02-08 18:30:31;;;;;;;;;;;600.9946;
2013-02-08 18:33:46;;;;;;68.3924;;;;;;
2013-02-08 18:58:01;;;52.405193;;;;;;;;;
2013-02-08 19:48:31;;;;;;;;;5897.941;;;
2013-02-08 19:57:16;;;;;;68.291374;;;;;;
2013-02-08 20:41:46;;;52.295036;;;;;;;;;
2013-02-08 20:49:01;;;;;;68.16289;;;;;;
2013-02-08 20:49:16;;;;;;68.26384;;;;;;
2013-02-08 21:10:16;;;;;;68.15677;;;;;;
2013-02-08 21:16:46;;;;;;68.26384;;;;;;
2013-02-08 21:29:46;;;;;;68.16289;;;;;;
2013-02-08 22:46:46;;;;;;68.02548;;;;;;
2013-02-08 22:47:31;;;;;;68.12617;;;;;;
2013-02-08 22:55:16;;;;;;68.02522;;;;;;
2013-02-08 23:28:31;;;52.187946;;;;;;;;;
2013-02-09 01:13:46;;;;;;67.92121;;;;;;
2013-02-09 01:14:01;;;;;;68.025215;;;;;;
2013-02-09 02:17:01;;;52.08391;;;;;;;;;
2013-02-09 02:33:50;;;;;;67.92136;;;;;;
2013-02-09 02:36:01;;;;;;68.0219;;;;;;
2013-02-09 02:44:31;;;;;;67.91815;;;;;;
2013-02-09 03:32:02;;;52.08391;;;67.93649;26.846367;7637.662;5904.433;4948.1377;595.96313;
2013-02-09 03:33:17;;;52.08391;;;67.93956;26.846367;7630.1562;5901.3623;4949.881;594.5963;
2013-02-09 05:14:31;;;;;;67.839134;;;;;;
2013-02-09 06:27:01;;;51.979877;;;;;;;;;
2013-02-09 07:19:16;;;;;;67.72237;;;;;;
2013-02-09 07:24:46;;;;;;67.83554;;;;;;
2013-02-09 07:26:46;;;;;;67.733635;;;;;;
2013-02-09 08:35:01;;;;;;;;;;;584.3611;
2013-02-09 09:32:01;;;;;;67.62752;;;;;;
2013-02-09 09:45:01;;;51.875843;;;;;;;;;
2013-02-09 10:16:31;;;;;;67.527084;;;;;;
2013-02-09 11:43:31;;;;;;67.419495;;;;;;
2013-02-09 11:44:01;;;;;;;;;;;595.6134;
2013-02-09 12:27:16;;;51.771812;;;;;;;;;
2013-02-09 13:49:16;;;;;;67.3063;;;;;;
2013-02-09 14:01:31;;;;;;67.40724;;;;;;
2013-02-09 14:57:17;;;51.667778;;;;;;;;;
2013-02-09 15:02:46;;;;;;67.303246;;;;;;
2013-02-09 19:57:16;;;;;;67.41949;;;;;;
2013-02-09 20:05:46;;;;;;67.318535;;;;;;
2013-02-09 20:09:16;;;;;;67.41949;;;;;;
2013-02-09 21:58:01;;;;;;;;;;;585.6007;
2013-02-09 22:05:19;;;;;;67.5235;;;;;;
2013-02-09 22:41:46;;;;;;;;;5849.916;;;
2013-02-09 23:10:16;;;;;;;;7579.647;;;;
2013-02-10 00:46:16;;;51.563744;;;;;;;;;
2013-02-10 01:29:46;;;;;;67.63058;;;;;;
2013-02-10 01:34:31;;;;;;67.52771;;;;;;
2013-02-10 02:19:04;;;;;;67.63058;;;;;;
2013-02-10 02:27:01;;;;;;67.523506;;;;;;
2013-02-10 02:37:31;;;;;;67.62445;;;;;;
2013-02-10 04:39:01;;;;;;67.72541;;;;;;
2013-02-10 04:41:31;;;;;;67.61528;;;;;;
2013-02-10 04:46:03;;;;;;67.73459;;;;;;
2013-02-10 06:49:46;;;;;;67.83554;;;;;;
2013-02-10 07:43:01;;;;;;;27.377823;;;;;
2013-02-10 08:45:01;;;;;;67.73459;;;;;;
2013-02-10 09:07:31;;;;;;67.61528;;;;;;
2013-02-10 09:54:16;;;;;;67.50209;;;;;;
2013-02-10 10:14:31;;;;;;67.605835;;;;;;
2013-02-10 10:28:46;;;;;;67.4715;;;;;;
2013-02-10 10:29:46;;;;;;67.57857;;;;;;
2013-02-10 10:56:46;;;;;;67.46538;;;;;;
2013-02-10 11:15:16;;;;;;67.574455;;;;;;
2013-02-10 11:16:01;;;;;;67.46844;;;;;;
2013-02-10 11:24:16;;;;;;;;7631.3403;;;;
2013-02-10 11:34:01;;;;;;67.58468;;;;;;
2013-02-10 11:37:31;;;;;;;;;5904.039;;;
2013-02-10 11:45:46;;;;;;;;;;;595.86847;
2013-02-10 11:46:31;;;;;;67.4715;;;;;;
2013-02-10 12:26:46;;;;;;67.57857;;;;;;
2013-02-10 12:48:16;;;;;;67.47762;;;;;;
2013-02-10 12:57:01;;;;;;67.58163;;;;;;
2013-02-10 13:46:01;;;;;;67.480675;;;;;;
2013-02-10 17:01:01;;;;;;67.367485;;;;;;
2013-02-10 21:16:46;;;;;;67.25429;;;;;;
2013-02-10 21:17:01;;;;;;67.36442;;;;;;
2013-02-10 21:30:31;;;;;;67.25429;;;;;;
2013-02-10 21:37:01;;;;;;67.3583;;;;;;
2013-02-10 21:40:46;;;;;;67.245636;;;;;;
2013-02-10 22:22:46;;;;;;67.34909;;;;;;
2013-02-10 22:26:01;;;;;;67.241295;;;;;;
2013-02-10 22:51:46;;;51.441357;;;;;;;;;
2013-02-11 06:56:46;;;;;;;;;;;585.7915;
2013-02-11 08:00:16;;;;;;;26.846367;;;;;
2013-02-11 08:02:31;;;;;;;;;5852.2754;;;
2013-02-11 08:05:16;;;;;;67.134995;;;;;;
2013-02-11 08:24:01;;;;;;66.99245;;;;;;
2013-02-11 08:25:16;;;;;;67.101326;;;;;;
2013-02-11 08:28:31;;;;;;;;7579.9067;;;;
2013-02-11 08:35:16;;;;;;66.96978;;;;;;
2013-02-11 08:44:03;;;51.315907;;;;;;;;;
2013-02-11 08:53:16;;;;;;66.86271;;;;;;
2013-02-11 09:25:46;;;;;;66.76176;;;;;;
2013-02-11 09:32:31;;;51.214928;;;;;;;;;
2013-02-11 09:40:46;;;;;;66.65163;;;;;;
2013-02-11 12:11:31;;;;;;;;7630.814;;;;
2013-02-11 12:55:46;;;;;;;;;;;596.24915;
2013-02-11 13:48:16;;;;;;66.76176;;;;;;
2013-02-11 15:04:46;;;;;;66.8627;;;;;;
2013-02-11 16:08:31;;;;;;66.96365;;;;;;
2013-02-11 18:14:46;;;;;;66.84741;;;;;;
2013-02-11 19:00:31;;;;;;;;;;;585.9822;
2013-02-11 20:22:46;;;51.113953;;;;;;;;;
2013-02-11 20:36:31;;;;;;66.73116;;;;;;
2013-02-11 20:37:46;;;;;;66.83212;;;;;;
2013-02-11 20:42:31;;;;;;66.72519;;;;;;
2013-02-11 20:43:16;;;;;;66.829056;;;;;;
2013-02-11 21:20:08;;;;;;66.72734;;;;;;
2013-02-12 03:41:46;;;;;;66.829056;;;;;;
2013-02-12 05:29:46;;;;;;66.93307;;;;;;
2013-02-12 05:38:16;;;51.214928;;;;;;;;;
2013-02-12 06:00:16;;;;;;66.82906;;;;;;
2013-02-12 06:02:16;;;;;;66.92999;;;;;;
2013-02-12 08:14:46;;;;;;66.82294;;;;;;
2013-02-12 09:24:01;;;51.08642;;;;;;;;;
2013-02-12 09:47:16;;;;;;66.715866;;;;;;
2013-02-12 10:43:02;;;;;;;;;;;596.2174;
2013-02-12 11:04:46;;;50.985443;;;;;;;;;
2013-02-12 11:05:01;;;;;;66.608795;;;;;;
2013-02-12 12:14:16;;;;;;;;;5905.024;;;
2013-02-12 12:23:46;;;;;;66.49866;;;;;;
2013-02-12 14:16:01;;;;;;66.39468;;;;;;
2013-02-12 14:33:31;;;50.884476;;;;;;;;;
2013-02-12 16:55:47;;;;;;66.28145;;;;;;
2013-02-12 16:57:16;;;;;;66.394646;;;;;;
2013-02-12 17:18:01;;;;;;66.28758;;;;;;
2013-02-12 17:18:16;;;;;;66.38852;;;;;;
2013-02-12 17:32:01;;;;;;66.287605;;;;;;
2013-02-12 17:46:46;;;;;;;;;5854.5205;;;
2013-02-12 19:07:31;;;;;;;;;;;586.07764;
2013-02-12 19:44:01;;;;;;;;7579.712;;;;
2013-02-12 20:00:31;;;;;;66.38826;;;;;;
2013-02-12 20:06:16;;;;;;66.275345;;;;;;
2013-02-12 20:31:46;;;;;;66.37628;;;;;;
2013-02-12 20:37:01;;;50.77432;;;;;;;;;
2013-02-12 21:22:46;;;;;;66.26922;;;;;;
2013-02-12 21:26:01;;;;;;66.37628;;;;;;
2013-02-12 21:37:16;;;;;;66.27228;;;;;;
2013-02-12 21:46:16;;;;;;66.37322;;;;;;
2013-02-12 22:19:46;;;;;;66.27228;;;;;;
2013-02-12 22:21:16;;;;;;66.37628;;;;;;
2013-02-12 22:27:16;;;;;;66.26922;;;;;;
2013-02-13 00:23:17;;;;;;;;;;;575.4291;
2013-02-13 00:24:01;;;;;;66.37932;;;;;;
2013-02-13 00:24:16;;;;;;66.27534;;;;;;
2013-02-13 02:07:01;;;;;;;;7528.9053;;;;
2013-02-13 02:38:01;;;50.737602;;;66.29675;26.832619;7556.8677;5834.1064;4949.7427;577.0502;
2013-02-13 02:38:08;;;50.737602;;;66.32122;;7558.3516;5833.1836;4954.231;576.2555;
2013-02-13 02:38:09;;;;;;;26.828037;;;;;
2013-02-13 04:15:35;;;;;;66.42217;;;;;;
2013-02-13 06:48:31;;;;;;;;;;;565.92505;
2013-02-13 07:07:01;;;;;;66.52619;;;;;;
2013-02-13 07:16:31;;;;;;;;;;;577.62195;
2013-02-13 07:24:35;;;;;;66.42524;;;;;;
2013-02-13 07:39:46;;;;;;66.54149;;;;;;
2013-02-13 07:56:01;;;50.83857;;;;;;;;;
2013-02-13 08:23:31;;;;;;66.43138;;;;;;
2013-02-13 09:27:32;;;50.83551;;;66.48948;26.915089;7543.7285;5815.2095;4949.881;574.6344;
2013-02-13 09:27:50;;;50.801853;;;66.52007;26.965485;7545.0146;5823.397;4948.608;574.60266;
2013-02-13 10:05:16;;;;;;66.41607;;;;;;
2013-02-13 10:47:46;;;;;;66.31511;;;;;;
2013-02-13 11:53:31;;;;;;66.189674;;;;;;
2013-02-13 11:57:46;;;;;;66.293686;;;;;;
2013-02-13 12:16:16;;;;;;66.19273;;;;;;
2013-02-13 13:01:31;;;;;;;;;;;584.9015;
2013-02-13 13:11:17;;;50.700886;;;;;;;;;
2013-02-13 14:06:46;;;;;;66.09179;;;;;;
2013-02-13 14:27:31;;;;;;65.97859;;;;;;
2013-02-13 14:50:33;;;;;;65.87458;;;;;;
2013-02-13 14:52:16;;;;;;65.975395;;;;;;
2013-02-13 14:54:46;;;;;;65.87458;;;;;;
2013-02-13 15:09:01;;;50.59991;;;;;;;;;
2013-02-13 15:33:31;;;;;;65.767494;;;;;;
2013-02-13 15:52:46;;;;;;;26.456936;;;;;
2013-02-13 16:33:16;;;;;;65.66253;;;;;;
2013-02-13 16:33:31;;;;;;65.76444;;;;;;
2013-02-13 16:37:32;;;;;;65.65125;;;;;;
2013-02-13 16:41:46;;;50.495876;;;;;;;;;
2013-02-13 18:11:47;;;50.46222;;;65.61147;26.461517;7573.0317;5835.068;4949.189;584.86975;
2013-02-13 18:11:59;;;50.46222;;;65.6023;;7569.0166;5841.0366;4951.681;583.7572;
2013-02-13 18:12:00;;;;;;;26.461517;;;;;
2013-02-13 18:54:46;;;;;;65.479935;;;;;;
2013-02-13 18:57:31;;;;;;65.58088;;;;;;
2013-02-13 19:14:16;;;;;;65.45851;;;;;;
2013-02-13 19:14:31;;;;;;65.55947;;;;;;
2013-02-13 19:35:01;;;;;;65.43099;;;;;;
2013-02-13 19:39:46;;;50.36124;;;;;;;;;
2013-02-13 19:42:01;;;;;;65.53805;;;;;;
2013-02-13 19:53:16;;;;;;65.427925;;;;;;
2013-02-13 19:59:31;;;;;;65.534996;;;;;;
2013-02-13 20:06:16;;;;;;65.43099;;;;;;
2013-02-13 21:07:46;;;;;;65.314735;;;;;;
2013-02-13 21:09:31;;;;;;65.44016;;;;;;
2013-02-13 21:33:46;;;;;;65.323906;;;;;;
2013-02-13 22:48:49;;;50.229675;;;;;;;;;
2013-02-13 23:47:31;;;;;;65.22295;;;;;;
2013-02-14 02:27:31;;;;;;65.11895;;;;;;
2013-02-14 02:28:01;;;;;;65.241295;;;;;;
2013-02-14 03:19:16;;;;;;65.13731;;;;;;
2013-02-14 03:43:16;;;;;;65.2566;;;;;;
2013-02-14 06:27:01;;;50.336765;;;;;;;;;
2013-02-14 06:48:04;;;;;;65.363686;;;;;;
2013-02-14 07:14:01;;;;;;65.262726;;;;;;
2013-02-14 07:17:01;;;50.43774;;;;;;;;;
2013-02-14 07:31:46;;;;;;65.158714;;;;;;
2013-02-14 08:24:31;;;50.538708;;;;;;;;;
2013-02-14 08:35:01;;;;;;;25.943802;;;;;
2013-02-14 08:48:53;;;;;;65.05178;;;;;;
2013-02-14 09:46:46;;;;;;64.9436;;;;;;
2013-02-14 10:13:46;;;;;;64.82526;;;;;;
2013-02-14 10:42:01;;;50.43774;;;;;;;;;
2013-02-14 11:17:31;;;;;;64.95679;;;;;;
2013-02-14 11:56:31;;;;;;65.06999;;;;;;
2013-02-14 12:32:01;;;50.54483;;;;;;;;;
2013-02-14 12:40:32;;;;;;65.18012;;;;;;
2013-02-14 13:22:16;;;;;;65.29332;;;;;;
2013-02-14 13:27:16;;;;;;65.14649;;;;;;
2013-02-14 13:28:38;;;;;;65.268845;;;;;;
2013-02-14 15:02:46;;;;;;65.38586;;;;;;
2013-02-14 16:03:16;;;;;;65.50746;;;;;;
2013-02-14 16:03:46;;;;;;65.382034;;;;;;
2013-02-14 16:26:16;;;;;;65.489105;;;;;;
2013-02-14 16:45:01;;;50.64581;;;;;;;;;
2013-02-14 19:47:01;;;;;;;;;;;572.8862;
2013-02-14 19:53:01;;;;;;;;;5790.443;;;
2013-02-14 20:52:16;;;;;;;;7518.864;;;;
2013-02-14 20:57:16;;;;;;65.590065;;;;;;
2013-02-14 23:18:46;;;;;;;;;;;562.55566;
2013-02-14 23:36:16;;;;;;65.482994;;;;;;
2013-02-14 23:41:16;;;;;;65.58395;;;;;;
2013-02-15 02:03:46;;;;;;65.70019;;;;;;
2013-02-15 02:05:01;;;;;;65.59924;;;;;;
2013-02-15 02:13:46;;;;;;65.709114;;;;;;
2013-02-15 04:23:16;;;;;;65.813385;;;;;;
2013-02-15 04:31:16;;;50.749832;;;;;;;;;
2013-02-15 05:49:31;;;;;;65.920456;;;;;;
2013-02-15 05:50:03;;;;;;65.807274;;;;;;
2013-02-15 06:03:31;;;;;;65.92658;;;;;;
2013-02-15 06:05:16;;;;;;65.804214;;;;;;
2013-02-15 06:22:31;;;;;;65.908226;;;;;;
2013-02-15 08:45:01;;;;;;;26.451923;;;;;
2013-02-15 10:45:01;;;;;;65.80753;;;;;;
2013-02-15 10:47:31;;;;;;65.911285;;;;;;
2013-02-15 11:06:16;;;;;;65.79198;;;;;;
2013-02-15 11:06:32;;;;;;65.89599;;;;;;
2013-02-15 11:30:01;;;;;;;;;;;572.56836;
2013-02-15 12:06:16;;;;;;65.79504;;;;;;
2013-02-15 12:07:01;;;;;;65.9174;;;;;;
2013-02-15 12:09:31;;;;;;65.81445;;;;;;
2013-02-15 12:16:01;;;;;;65.926544;;;;;;
2013-02-15 12:40:31;;;;;;;;;5844.7393;;;
2013-02-15 13:31:31;;;;;;;;7570.182;;;;
2013-02-15 13:38:46;;;50.850807;;;;;;;;;
2013-02-15 14:00:32;;;50.823273;;;65.96941;26.429443;7545.143;5819.836;4948.746;575.7471;
2013-02-15 14:00:49;;;50.823273;;;65.97553;26.443188;7548.94;5831.262;4949.41;576.4463;
2013-02-15 15:56:31;;;;;;66.08566;;;;;;
2013-02-15 19:31:01;;;;;;65.97859;;;;;;
2013-02-15 19:48:01;;;;;;65.868454;;;;;;
2013-02-15 20:17:47;;;;;;65.75527;;;;;;
2013-02-15 22:14:16;;;50.722305;;;;;;;;;
2013-02-15 22:30:46;;;;;;65.85622;;;;;;
2013-02-15 22:48:46;;;;;;;;;;;566.2429;
2013-02-16 00:35:01;;;;;;65.96023;;;;;;
2013-02-16 00:51:02;;;50.78961;;;65.92658;26.328651;7520.3975;5812.3833;4948.912;566.94214;
2013-02-16 00:51:15;;;50.755966;;;65.93882;26.328651;7520.972;5808.3022;4948.6357;567.3236;
2013-02-16 02:13:31;;;;;;66.04895;;;;;;
2013-02-16 02:32:47;;;50.85693;;;;;;;;;
2013-02-16 02:50:04;;;;;;66.1499;;;;;;
2013-02-16 04:08:16;;;;;;66.25086;;;;;;
2013-02-16 04:30:01;;;50.957897;;;;;;;;;
2013-02-16 05:47:31;;;;;;66.351814;;;;;;
2013-02-16 06:00:33;;;;;;66.24475;;;;;;
2013-02-16 06:03:23;;;;;;66.360985;;;;;;
2013-02-16 06:13:31;;;;;;66.25698;;;;;;
2013-02-16 06:14:46;;;;;;66.35793;;;;;;
2013-02-16 07:03:31;;;;;;;;;;;557.0248;
2013-02-16 08:10:01;;;;;;;;7469.939;;;;
2013-02-16 09:55:31;;;;;;;;7520.589;;;;
2013-02-16 10:18:31;;;;;;;;;;;567.18445;
2013-02-16 11:08:32;;;50.982384;;;66.36711;26.64478;7543.021;5832.069;4949.4937;572.3458;
2013-02-16 11:09:10;;;50.982384;;;66.36405;26.64936;7538.524;5832.1074;4950.767;571.583;
2013-02-16 12:40:16;;;;;;;;;;;582.2949;
2013-02-16 12:41:01;;;;;;;;7588.81;;;;
2013-02-16 16:32:50;;;;;;66.465004;;;;;;
2013-02-16 16:33:16;;;;;;66.35449;;;;;;
2013-02-16 16:51:16;;;;;;66.45581;;;;;;
2013-02-16 17:08:46;;;;;;66.34264;;;;;;
2013-02-16 17:19:16;;;;;;66.44359;;;;;;
2013-02-16 17:50:16;;;;;;66.333466;;;;;;
2013-02-16 19:06:31;;;;;;;;7538.6523;;;;
2013-02-16 19:34:31;;;;;;;;;;;571.9645;
2013-02-16 21:10:31;;;;;;66.22945;;;;;;
2013-02-16 21:36:17;;;50.91201;;;66.2631;26.51728;7530.058;5811.162;4951.238;570.7565;
2013-02-16 21:36:34;;;50.91201;;;66.27534;26.516495;7533.0063;5815.744;4950.2134;571.8054;
2013-02-17 02:27:31;;;;;;66.3956;;;;;;
2013-02-17 02:31:46;;;;;;66.284775;;;;;;
2013-02-17 02:46:01;;;;;;66.39158;;;;;;
2013-02-17 04:53:31;;;;;;66.50172;;;;;;
2013-02-17 04:57:01;;;;;;66.40077;;;;;;
2013-02-17 05:56:31;;;;;;66.50172;;;;;;
2013-02-17 09:14:17;;;;;;;;;;;582.0089;
2013-02-17 09:20:46;;;;;;;;7583.3486;;;;
2013-02-17 09:36:16;;;;;;;;;5867.561;;;
2013-02-17 11:00:16;;;;;;;;;;;592.2759;
2013-02-17 11:35:16;;;;;;;;7633.973;;;;
2013-02-17 11:53:46;;;;;;;27.057117;;;;;
2013-02-17 12:05:46;;;;;;;;;;;602.8552;
2013-02-17 12:16:46;;;;;;;;;5917.6177;;;
2013-02-17 12:25:01;;;;;;66.617966;;;;;;
2013-02-17 12:45:48;;;;;;66.721985;;;;;;
2013-02-17 12:58:31;;;51.0191;;;;;;;;;
2013-02-17 13:06:46;;;;;;66.82294;;;;;;
2013-02-17 13:07:31;;;;;;;;;;;613.4103;
2013-02-17 13:08:46;;;;;;;;7686.079;;;;
2013-02-17 13:49:16;;;;;;66.703636;;;;;;
2013-02-17 14:09:01;;;;;;66.60267;;;;;;
2013-02-17 14:29:16;;;;;;66.49254;;;;;;
2013-02-17 14:45:16;;;;;;66.387566;;;;;;
2013-02-17 14:55:31;;;50.91201;;;;;;;;;
2013-02-17 14:59:46;;;;;;66.284515;;;;;;
2013-02-17 15:15:46;;;51.089405;;;66.0153;;;;;;
2013-02-17 15:16:16;;;51.2241;;;65.908226;;;;;;
2013-02-17 15:16:46;;;51.328133;;;;;;;;;
2013-02-17 15:17:01;;;;;;65.804214;;;;;;
2013-02-17 15:17:20;;;51.429108;;;;26.475262;;;;;
2013-02-17 15:18:01;;;;;;65.69714;;;;;;
2013-02-17 15:18:31;;;51.530087;;;;;;;;;
2013-02-17 15:19:31;;;;;;65.57477;;;;;;
2013-02-17 15:19:46;;;51.63106;;;;;;;;;
2013-02-17 15:20:16;;;;;;;25.940006;;;;;
2013-02-17 15:21:01;;;;;;65.46464;;;;;;
2013-02-17 15:21:31;;;51.73203;;;;;;;;;
2013-02-17 15:23:31;;;51.833004;;;;;;;;;
2013-02-17 15:23:46;;;;;;65.32116;;;;;;
2013-02-17 15:24:31;;;;;;;25.375687;;;;;
2013-02-17 15:26:31;;;51.93704;;;;;;;;;
2013-02-17 15:27:46;;;;;;65.201546;;;;;;
2013-02-17 15:28:46;;;52.038013;;;;;;;;;
2013-02-17 15:32:31;;;;;;65.07305;;;;;;
2013-02-17 15:32:46;;;52.13898;;;;;;;;;
2013-02-17 15:33:31;;;;;;;24.871403;;;;;
2013-02-17 15:36:46;;;52.239956;;;;;;;;;
2013-02-17 15:38:46;;;;;;64.932335;;;;;;
2013-02-17 15:43:16;;;52.34093;;;;;;;;;
2013-02-17 15:47:46;;;;;;64.82831;;;;;;
2013-02-17 15:48:31;;;;;;;24.357014;;;;;
2013-02-17 15:50:01;;;52.44191;;;;;;;;;
2013-02-17 15:58:31;;;52.542873;;;;;;;;;
2013-02-17 15:59:31;;;;;;64.72535;;;;;;
2013-02-17 16:08:01;;;52.643852;;;;;;;;;
2013-02-17 16:12:01;;;;;;64.62335;;;;;;
2013-02-17 16:20:01;;;;;;64.733475;;;;;;
2013-02-17 16:20:46;;;52.512283;;;;;;;;;
2013-02-17 16:21:01;;;;;;64.837494;;;;;;
2013-02-17 16:21:46;;;52.41131;;;;;;;;;
2013-02-17 16:22:16;;;;;;64.94762;;;;;;
2013-02-17 16:22:47;;;52.31034;;;;;;;;;
2013-02-17 16:23:31;;;52.175705;;;65.09141;;;;;;
2013-02-17 16:24:16;;;52.07473;;;;;;;;;
2013-02-17 16:24:31;;;;;;65.200775;;;;;;
2013-02-17 16:25:16;;;51.970695;;;65.31779;;;;;;
2013-02-17 16:27:01;;;51.86973;;;;;;;;;
2013-02-17 16:27:16;;;;;;65.446014;;;;;;
2013-02-17 16:27:47;;;;;;;24.871403;;;;;
2013-02-17 16:28:46;;;51.768753;;;;;;;;;
2013-02-17 16:29:16;;;;;;65.54723;;;;;;
2013-02-17 16:31:01;;;51.667778;;;;;;;;;
2013-02-17 16:31:46;;;;;;65.651245;;;;;;
2013-02-17 16:34:31;;;51.563744;;;;;;;;;
2013-02-17 16:37:31;;;;;;;25.375687;;;;;
2013-02-17 16:38:46;;;;;;65.75832;;;;;;
2013-02-17 16:40:31;;;51.46278;;;;;;;;;
2013-02-17 16:48:01;;;;;;65.87151;;;;;;
2013-02-17 16:49:46;;;51.358746;;;;;;;;;
2013-02-17 16:57:01;;;51.25777;;;;;;;;;
2013-02-17 16:58:16;;;;;;;25.890251;;;;;
2013-02-17 16:59:16;;;;;;65.972466;;;;;;
2013-02-17 17:07:31;;;51.153736;;;;;;;;;
2013-02-17 17:20:06;;;;;;;;;;;603.33655;
2013-02-17 17:20:16;;;;;;;;7633.315;;;;
2013-02-17 17:24:01;;;51.05276;;;;;;;;;
2013-02-17 18:15:18;;;50.951782;;;;;;;;;
2013-02-17 18:48:31;;;;;;;;;5865.228;;;
2013-02-17 19:21:16;;;;;;;;;;;593.0388;
2013-02-17 19:22:31;;;;;;65.87152;;;;;;
2013-02-17 19:27:07;;;50.85082;;;;;;;;;
2013-02-17 20:22:46;;;;;;;;7583.089;;;;
2013-02-17 21:02:01;;;50.74984;;;;;;;;;
2013-02-17 21:06:46;;;;;;;;;;;583.0261;
2013-02-17 21:24:01;;;;;;65.77056;;;;;;
2013-02-18 00:43:02;;;50.716183;;;65.767494;26.255344;7573.68;5844.8164;4949.549;583.56647;
2013-02-18 00:43:11;;;50.716183;;;65.77055;;7573.8096;5847.906;4950.49;582.51746;
2013-02-18 00:43:12;;;;;;;26.30574;;;;;
2013-02-18 04:08:16;;;;;;65.8804;;;;;;
2013-02-18 04:28:01;;;;;;65.77974;;;;;;
2013-02-18 04:40:31;;;;;;65.88986;;;;;;
2013-02-18 04:50:04;;;;;;65.78892;;;;;;
2013-02-18 04:54:31;;;;;;65.89292;;;;;;
2013-02-18 07:57:46;;;;;;65.79198;;;;;;
2013-02-18 08:48:16;;;;;;65.89292;;;;;;
2013-02-18 09:24:05;;;;;;65.78892;;;;;;
2013-02-18 09:33:46;;;;;;65.67572;;;;;;
2013-02-18 09:37:01;;;50.615204;;;;;;;;;
2013-02-18 09:41:46;;;;;;65.5656;;;;;;
2013-02-18 09:47:46;;;;;;65.45851;;;;;;
2013-02-18 09:48:01;;;;;;;;;;;592.9116;
2013-02-18 09:54:01;;;;;;65.35144;;;;;;
2013-02-18 10:00:16;;;;;;65.22908;;;;;;
2013-02-18 10:07:35;;;50.50506;;;;;;;;;
2013-02-18 10:10:31;;;;;;65.12506;;;;;;
2013-02-18 10:17:31;;;;;;65.01492;;;;;;
2013-02-18 10:25:46;;;;;;64.9048;;;;;;
2013-02-18 10:35:31;;;50.404087;;;;;;;;;
2013-02-18 10:36:31;;;;;;64.80384;;;;;;
2013-02-18 10:38:17;;;;;;;;7625.5547;;;;
2013-02-18 10:45:01;;;;;;;25.742214;;;;;
2013-02-18 10:48:31;;;;;;64.69065;;;;;;
2013-02-18 11:00:46;;;;;;64.58976;;;;;;
2013-02-18 11:04:46;;;50.30005;;;;;;;;;
2013-02-18 11:28:31;;;;;;64.455795;;;;;;
2013-02-18 11:35:31;;;;;;;;;;;603.24023;
2013-02-18 12:07:46;;;;;;64.3359;;;;;;
2013-02-18 12:12:16;;;50.16848;;;;;;;;;
2013-02-18 12:49:31;;;;;;64.21953;;;;;;
2013-02-18 12:57:46;;;;;;;;;5897.9805;;;
2013-02-18 13:24:01;;;;;;64.09104;;;;;;
2013-02-18 13:25:31;;;;;;;;;;;613.4424;
2013-02-18 14:05:38;;;50.067505;;;;;;;;;
2013-02-18 15:09:16;;;;;;63.974792;;;;;;
2013-02-18 15:24:01;;;;;;64.081856;;;;;;
2013-02-18 15:24:31;;;;;;63.974804;;;;;;
2013-02-18 16:43:31;;;;;;64.08989;;;;;;
2013-02-18 17:01:31;;;;;;;;;;;603.40076;
2013-02-18 17:35:01;;;;;;64.20728;;;;;;
2013-02-18 17:57:31;;;;;;;;;5845.164;;;
2013-02-18 18:52:01;;;;;;64.3113;;;;;;
2013-02-18 19:33:46;;;;;;;;;;;593.3567;
2013-02-18 20:30:01;;;;;;;;7574.393;;;;
2013-02-18 20:48:01;;;;;;64.433655;;;;;;
2013-02-18 21:24:17;;;;;;64.323555;;;;;;
2013-02-18 21:26:01;;;;;;64.42755;;;;;;
2013-02-18 21:37:46;;;;;;64.32049;;;;;;
2013-02-18 21:40:01;;;;;;64.42144;;;;;;
2013-02-18 21:46:46;;;;;;64.31437;;;;;;
2013-02-18 21:47:01;;;;;;64.41531;;;;;;
2013-02-18 21:50:46;;;;;;;;;;;583.12146;
2013-02-18 21:54:16;;;50.196014;;;;;;;;;
2013-02-19 00:48:16;;;;;;64.519325;;;;;;
2013-02-19 02:21:31;;;;;;;;7524.041;;;;
2013-02-19 03:01:16;;;;;;;;;;;572.8862;
2013-02-19 03:16:31;;;;;;64.620285;;;;;;
2013-02-19 03:32:46;;;;;;;;;5795.106;;;
2013-02-19 03:39:46;;;50.324524;;;;;;;;;
2013-02-19 04:25:46;;;;;;64.73038;;;;;;
2013-02-19 04:55:01;;;;;;;;;5848.331;;;
2013-02-19 04:56:16;;;;;;;;7574.069;;;582.9844;
2013-02-19 06:09:01;;;;;;64.83391;;;;;;
2013-02-19 07:38:46;;;;;;;;;;;572.7908;
2013-02-19 07:49:31;;;50.42856;;;;;;;;;
2013-02-19 08:47:19;;;50.42856;;;64.8589;25.833843;7561.3223;5837.7236;4950.85;580.2925;
2013-02-19 08:56:35;;;50.42856;;;64.8742;25.833843;7560.0303;5831.5693;4948.193;581.08704;
2013-02-19 10:07:01;;;;;;;;;;;591.76733;
2013-02-19 10:11:31;;;;;;;;7610.736;;;;
2013-02-19 11:01:46;;;;;;;;;5886.3696;;;
2013-02-19 12:03:01;;;;;;;;;;;601.79663;
2013-02-19 13:53:46;;;;;;64.98432;;7662.4575;;;;
2013-02-19 14:01:01;;;;;;64.87229;;;;;;
2013-02-19 14:09:16;;;;;;;;;;;612.4479;
2013-02-19 15:08:31;;;;;;64.97515;;;;;;
2013-02-19 16:06:16;;;;;;64.87424;;;;;;
2013-02-19 16:15:16;;;50.30005;;;;;;;;;
2013-02-19 16:43:46;;;50.199074;;;;;;;;;
2013-02-19 16:55:01;;;;;;64.770226;;;;;;
2013-02-19 17:09:16;;;50.098106;;;;;;;;;
2013-02-19 17:19:31;;;;;;;;;;;602.40625;
2013-02-19 17:43:01;;;;;;64.66618;;;;;;
2013-02-19 18:13:46;;;49.99713;;;;;;;;;
2013-02-19 18:23:08;;;;;;;;7612.1104;;;;
2013-02-19 18:51:16;;;;;;64.54687;;;;;;
2013-02-19 19:03:01;;;;;;64.65341;;;;;;
2013-02-19 19:06:47;;;;;;64.54687;;;;;;
2013-02-19 19:28:47;;;50.067505;;;64.59582;26.044594;7606.68;5865.1895;4951.127;595.8042;
2013-02-19 19:28:54;;;50.067505;;;64.586624;25.99878;7606.157;5861.6934;4951.9023;595.4234;
2013-02-19 20:51:46;;;50.17154;;;;;;;;;
2013-02-19 22:02:17;;;50.13788;;;64.56827;25.879658;7585.2983;5851.9272;4947.142;589.6376;
2013-02-19 22:02:33;;;50.13788;;;64.55895;;7586.2085;5852.082;4951.2656;589.6376;
2013-02-19 22:02:34;;;;;;;25.879658;;;;;
2013-02-20 00:18:35;;;;;;64.455086;;;;;;
2013-02-20 00:21:46;;;;;;64.5591;;;;;;
2013-02-20 01:01:34;;;;;;;;;;;579.46606;
2013-02-20 01:03:46;;;;;;64.455086;;;;;;
2013-02-20 01:34:16;;;;;;64.55603;;;;;;
2013-02-20 01:59:16;;;;;;;;7533.9683;;;;
2013-02-20 02:36:31;;;;;;;;;5795.6753;;;
2013-02-20 03:42:46;;;;;;;;;;;569.0083;
2013-02-20 04:56:54;;;;;;64.66312;;;;;;
2013-02-20 04:57:31;;;;;;64.5591;;;;;;
2013-02-20 04:59:46;;;;;;64.66006;;;;;;
2013-02-20 09:11:05;;;;;;64.552986;;;;;;
2013-02-20 09:11:16;;;;;;64.66312;;;;;;
2013-02-20 09:12:16;;;;;;64.56268;;;;;;
2013-02-20 09:13:46;;;;;;64.67521;;;;;;
2013-02-20 09:15:46;;;;;;64.5591;;;;;;
2013-02-20 09:21:01;;;;;;64.66502;;;;;;
2013-02-20 09:28:16;;;;;;64.54993;;;;;;
2013-02-20 09:31:46;;;;;;64.657;;;;;;
2013-02-20 11:05:31;;;;;;64.556046;;;;;;
2013-02-20 11:20:47;;;;;;64.657;;;;;;
2013-02-20 11:33:46;;;;;;64.54714;;;;;;
2013-02-20 11:36:16;;;;;;64.65387;;;;;;
2013-02-20 11:41:01;;;;;;;;;;;579.5613;
2013-02-20 11:56:16;;;;;;;;;5846.2065;;;
2013-02-20 12:16:01;;;;;;64.54687;;;;;;
2013-02-20 15:16:01;;;50.033844;;;;;;;;;
2013-02-20 16:54:46;;;;;;64.445915;;;;;;
2013-02-20 19:06:31;;;;;;;;;5795.8647;;;
2013-02-20 19:36:01;;;;;;64.32661;;;;;;
2013-02-20 19:37:16;;;;;;;;;;;569.2527;
2013-02-20 19:37:46;;;;;;64.42755;;;;;;
2013-02-20 20:14:16;;;;;;64.32661;;;;;;
2013-02-20 20:58:31;;;49.90228;;;;;;;;;
2013-02-20 22:43:16;;;;;;64.21647;;;;;;
2013-02-20 23:07:32;;;49.8319;;;64.25624;25.733047;7498.8613;5783.1406;4948.4697;563.7318;
2013-02-20 23:07:45;;;49.8319;;;64.250885;25.742214;7498.4805;5781.1763;4950.13;563.0642;
2013-02-21 00:31:46;;;;;;64.14917;;;;;;
2013-02-21 02:54:16;;;49.700325;;;;;;;;;
2013-02-21 04:58:01;;;;;;;;;;;552.73364;
2013-02-21 05:05:31;;;;;;;;7447.9385;;;;
2013-02-21 08:41:46;;;;;;64.03597;;;;;;
2013-02-21 09:24:01;;;49.568756;;;;;;;;;
2013-02-21 10:02:46;;;;;;;;7502.0396;;;564.2721;
2013-02-21 10:28:01;;;;;;63.93502;;;;;;
2013-02-21 11:33:46;;;;;;63.82183;;;;;;
2013-02-21 11:35:01;;;;;;63.931953;;;;;;
2013-02-21 12:03:31;;;;;;63.818836;;;;;;
2013-02-21 12:34:46;;;;;;;;;;;574.5708;
2013-02-21 14:17:24;;;49.46778;;;;;;;;;
2013-02-21 14:32:31;;;;;;63.714752;;;;;;
2013-02-21 15:03:01;;;;;;63.613796;;;;;;
2013-02-21 15:33:02;;;49.366814;;;;;;;;;
2013-02-21 16:01:46;;;;;;63.50367;;;;;;
2013-02-21 17:06:31;;;;;;;;;;;564.4946;
2013-02-21 17:39:46;;;;;;63.400703;;;;;;
2013-02-21 17:46:16;;;49.26584;;;;;;;;;
2013-02-21 18:36:01;;;;;;63.2987;;;;;;
2013-02-21 19:56:01;;;;;;63.185314;;;;;;
2013-02-21 20:42:31;;;49.13733;;;;;;;;;
2013-02-21 21:31:01;;;;;;;;;;;554.41833;
2013-02-21 21:59:31;;;;;;;;;5730.608;;;
2013-02-21 22:56:46;;;;;;63.063137;;;;;;
2013-02-21 23:05:31;;;;;;63.164085;;;;;;
2013-02-22 00:13:01;;;;;;;;7451.387;;;;
2013-02-22 02:55:02;;;49.143444;;;63.171734;25.444408;7466.536;5740.0474;4947.8057;553.97327;
2013-02-22 02:55:09;;;49.143444;;;63.12458;25.444408;7464.899;5750.1533;4947.778;553.52966;
2013-02-22 03:46:31;;;;;;63.237446;;;;;;
2013-02-22 08:47:46;;;;;;63.136562;;;;;;
2013-02-22 12:19:46;;;;;;;;;;;564.2721;
2013-02-22 12:37:32;;;49.04859;;;63.069252;25.517715;7509.805;5773.2573;4947.8335;564.30383;
2013-02-22 12:37:39;;;49.04859;;;63.112083;;7502.866;5765.2476;4948.3037;564.65344;
2013-02-22 12:37:40;;;;;;;25.526878;;;;;
2013-02-22 14:16:01;;;;;;63.011654;;;;;;
2013-02-22 15:23:31;;;48.947617;;;;;;;;;
2013-02-22 16:57:31;;;;;;62.8954;;;;;;
2013-02-22 18:39:01;;;48.84665;;;;;;;;;
2013-02-22 21:10:01;;;;;;62.794445;;;;;;
2013-02-23 00:48:01;;;48.721195;;;;;;;;;
2013-02-23 04:24:31;;;;;;;;;;;554.41833;
2013-02-23 05:20:16;;;;;;62.914185;;;;;;
2013-02-23 05:33:31;;;;;;62.812313;;;;;;
2013-02-23 05:34:23;;;;;;62.916286;;;;;;
2013-02-23 05:46:01;;;;;;62.80721;;;;;;
2013-02-23 05:56:46;;;;;;62.913227;;;;;;
2013-02-23 07:58:46;;;;;;;;7452.077;;;;
2013-02-23 09:54:32;;;;;;63.026424;;;;;;
2013-02-23 10:16:46;;;;;;62.91734;;;;;;
2013-02-23 10:27:46;;;;;;63.020298;;;;;;
2013-02-23 12:08:20;;;;;;62.91017;;;;;;
2013-02-23 12:18:16;;;;;;63.019142;;;;;;
2013-02-23 12:22:01;;;;;;62.916294;;;;;;
2013-02-23 12:48:16;;;;;;;;;;;564.6217;
2013-02-23 12:57:01;;;48.849697;;;;;;;;;
2013-02-23 13:23:49;;;;;;63.02335;;;;;;
2013-02-23 14:41:16;;;;;;;;7502.421;;;;
2013-02-23 16:05:16;;;;;;62.919353;;;;;;
2013-02-23 16:06:31;;;;;;63.032406;;;;;;
2013-02-23 16:26:01;;;;;;62.916294;;;;;;
2013-02-23 16:33:01;;;;;;63.020298;;;;;;
2013-02-23 16:49:16;;;;;;62.916294;;;;;;
2013-02-23 17:18:31;;;48.745674;;;;;;;;;
2013-02-23 20:28:46;;;;;;;;;;;554.5773;
2013-02-24 04:49:47;;;;;;63.017242;;;;;;
2013-02-24 04:54:01;;;;;;62.89182;;;;;;
2013-02-24 04:59:50;;;;;;62.99373;;;;;;
2013-02-24 07:50:31;;;;;;63.1029;;;;;;
2013-02-24 09:39:31;;;;;;;;;;;564.58997;
2013-02-24 13:58:31;;;;;;;;;;;574.85693;
2013-02-24 14:11:16;;;;;;;26.049175;;;;;
2013-02-24 19:18:16;;;;;;;;;;;564.2721;
2013-02-24 21:06:01;;;;;;;;7449.3174;;;;
2013-02-24 21:07:01;;;;;;;;;;;554.0051;
2013-02-24 21:29:31;;;;;;;;;5714.071;;;
2013-02-24 22:23:46;;;;;;62.989716;;;;;;
2013-02-24 22:34:03;;;;;;63.093662;;;;;;
2013-02-24 22:35:31;;;;;;62.989716;;;;;;
2013-02-25 00:42:16;;;;;;63.09372;;;;;;
2013-02-25 03:23:16;;;;;;63.194675;;;;;;
2013-02-25 04:10:31;;;48.865;;;;;;;;;
2013-02-25 04:53:04;;;;;;;;;5764.459;;;
2013-02-25 05:06:31;;;;;;;;7503.8203;;;;
2013-02-25 05:30:16;;;;;;;;;;;564.24023;
2013-02-25 07:35:01;;;;;;63.09067;;;;;;
2013-02-25 09:01:31;;;;;;;;7554.9326;;;;
2013-02-25 09:06:46;;;48.969036;;;;;;;;;
2013-02-25 09:14:01;;;;;;;;;;;574.98413;
2013-02-25 09:57:04;;;;;;;;;5816.9673;;;
2013-02-25 09:59:46;;;49.07;;;;;;;;;
2013-02-25 10:20:16;;;;;;63.194675;;;;;;
2013-02-25 11:11:46;;;49.20158;;;;;;;;;
2013-02-25 12:09:01;;;;;;63.29563;;;;;;
2013-02-25 12:45:37;;;49.302555;;;;;;;;;
2013-02-25 13:21:46;;;;;;63.3986;;;;;;
2013-02-25 14:33:16;;;;;;63.500603;;;;;;
2013-02-25 14:46:31;;;49.434124;;;;;;;;;
2013-02-25 14:50:01;;;;;;;;;;;585.124;
2013-02-25 15:55:16;;;;;;63.399654;;;;;;
2013-02-25 16:09:16;;;49.5351;;;;;;;;;
2013-02-25 16:11:46;;;;;;63.28646;;;;;;
2013-02-25 16:19:16;;;49.434124;;;;;;;;;
2013-02-25 16:19:31;;;;;;63.167152;;;;;;
2013-02-25 16:23:31;;;;;;62.58708;;;;;;
2013-02-25 16:23:46;;;;;;62.472706;;;;;;
2013-02-25 16:24:16;;;;;;62.362568;25.348198;;;;;
2013-02-25 16:24:46;;;;;;62.25243;;;;;;
2013-02-25 16:25:46;;;49.333157;;;62.117825;;;;;;
2013-02-25 16:26:46;;;49.473835;;;;;;;;;
2013-02-25 16:27:01;;;;;;61.989334;;;;;;
2013-02-25 16:27:16;;;;;;;24.830067;;;;;
2013-02-25 16:28:16;;;49.6116;;;61.836376;;;;;;
2013-02-25 16:29:16;;;49.712563;;;;;;;;;
2013-02-25 16:30:17;;;;;;61.72625;;;;;;
2013-02-25 16:30:31;;;49.816597;;;;24.251377;;;;;
2013-02-25 16:33:01;;;49.71563;;;;;;;;;
2013-02-25 16:33:31;;;49.608532;;;;;;;;;
2013-02-25 16:33:46;;;;;;61.891445;;;;;;
2013-02-25 16:34:01;;;49.507565;;;;;;;;;
2013-02-25 16:35:01;;;49.40659;;;;;;;;;
2013-02-25 16:36:31;;;49.30561;;;;;;;;;
2013-02-25 16:38:01;;;;;;61.992363;;;;;;
2013-02-25 16:39:01;;;49.20158;;;;;;;;;
2013-02-25 16:44:01;;;49.302555;;;;;;;;;
2013-02-25 16:44:31;;;49.403522;;;;;;;;;
2013-02-25 16:45:01;;;49.541214;;;;;;;;;
2013-02-25 16:45:16;;;49.67585;;;;;;;;;
2013-02-25 16:45:31;;;49.776814;;;;;;;;;
2013-02-25 16:46:01;;;49.91145;;;62.094505;;;;;;
2013-02-25 16:46:31;;;50.0522;;;;;;;;;
2013-02-25 16:47:01;;;50.153175;;;;;;;;;
2013-02-25 16:47:31;;;50.28781;;;;;;;;;
2013-02-25 16:48:16;;;50.422436;;;;;;;;;
2013-02-25 16:48:31;;;;;;62.19736;;;;;;
2013-02-25 16:48:46;;;50.590466;;;;;;;;;
2013-02-25 16:49:16;;;50.725353;;;;;;;;;
2013-02-25 16:49:31;;;50.82633;;;;;;;;;
2013-02-25 16:50:01;;;50.93342;;;;;;;;;
2013-02-25 16:50:16;;;;;;62.313614;;;;;;
2013-02-25 16:51:01;;;51.068054;;;;;;;;;
2013-02-25 16:51:33;;;;;;62.451286;;;;;;
2013-02-25 16:51:46;;;51.169033;;;;;;;;;
2013-02-25 16:52:01;;;;;;62.582836;23.704838;;;;;
2013-02-25 16:52:16;;;51.065;;;;;;;;;
2013-02-25 16:52:31;;;;;;62.82452;;;;;;
2013-02-25 16:53:01;;;;;;62.99583;;;;;;
2013-02-25 16:54:01;;;;;;63.142673;;;;;;
2013-02-25 16:55:01;;;;;;63.271164;;;;;;
2013-02-25 16:56:01;;;;;;63.396587;;;;;;
2013-02-25 16:57:01;;;50.96402;;;63.49946;;;;;;
2013-02-25 16:58:16;;;;;;;;7606.2227;;;;
2013-02-25 16:59:01;;;;;;63.60156;;;;;;
2013-02-25 17:00:31;;;;;;63.711685;;;;;;
2013-02-25 17:02:16;;;;;;63.81264;24.242191;;;;;
2013-02-25 17:04:31;;;;;;63.931953;;;;;;
2013-02-25 17:08:01;;;;;;64.05739;24.811695;;;;;
2013-02-25 17:09:31;;;;;;;;;5868.6895;;;
2013-02-25 17:10:46;;;50.863056;;;;;;;;;
2013-02-25 17:11:46;;;;;;64.20117;;;;;;
2013-02-25 17:16:31;;;50.76208;;;;;;;;;
2013-02-25 17:17:01;;;;;;;25.334454;;;;;
2013-02-25 17:18:46;;;;;;64.30518;;;;;;
2013-02-25 17:24:16;;;;;;64.4092;;;;;;
2013-02-25 17:28:31;;;;;;;25.865913;;;;;
2013-02-25 17:29:46;;;50.630512;;;;;;;;;
2013-02-25 17:41:46;;;50.529537;;;;;;;;;
2013-02-25 17:58:46;;;;;;64.52544;;;;;;
2013-02-25 18:07:46;;;;;;;26.42028;;;;;
2013-02-25 18:12:31;;;;;;64.64781;;;;;;
2013-02-25 18:18:16;;;50.42856;;;;;;;;;
2013-02-25 18:39:16;;;;;;64.75183;;;;;;
2013-02-25 19:00:46;;;;;;64.86193;;;;;;
2013-02-25 19:02:31;;;;;;;26.924252;;;;;
2013-02-25 19:35:01;;;;;;64.96291;;;;;;
2013-02-25 20:13:31;;;50.532593;;;;;;;;;
2013-02-25 20:24:31;;;;;;65.06617;;;;;;
2013-02-25 21:53:31;;;;;;65.170944;;;;;;
2013-02-25 23:24:01;;;50.636627;;;;;;;;;
2013-02-25 23:43:46;;;;;;65.27496;;;;;;
2013-02-26 00:49:54;;;;;;65.382034;;;;;;
2013-02-26 00:51:01;;;50.73759;;;;;;;;;
2013-02-26 01:28:16;;;;;;;;;5818.573;;;
2013-02-26 01:44:16;;;;;;;;7555.3193;;;;
2013-02-26 01:52:16;;;;;;65.50029;;;;;;
2013-02-26 02:26:49;;;50.83857;;;;;;;;;
2013-02-26 02:53:31;;;;;;;;;;;575.07947;
2013-02-26 02:56:01;;;;;;65.6023;;;;;;
2013-02-26 03:27:16;;;;;;65.70937;;;;;;
2013-02-26 03:54:31;;;50.94566;;;;;;;;;
2013-02-26 04:15:16;;;;;;65.83174;;;;;;
2013-02-26 04:43:31;;;;;;65.93269;;;;;;
2013-02-26 04:46:16;;;;;;;27.437386;;;;;
2013-02-26 05:01:35;;;51.04969;;;;;;;;;
2013-02-26 05:08:46;;;;;;66.03362;;;;;;
2013-02-26 05:40:01;;;;;;;;;;;564.8761;
2013-02-26 05:41:01;;;;;;;;7503.3115;;;;
2013-02-26 05:45:19;;;;;;66.134605;;;;;;
2013-02-26 06:05:33;;;51.153725;;;;;;;;;
2013-02-26 06:14:01;;;;;;66.23862;;;;;;
2013-02-26 06:38:16;;;;;;66.34569;;;;;;
2013-02-26 07:11:16;;;;;;66.44971;;;;;;
2013-02-26 07:13:01;;;51.2547;;;;;;;;;
2013-02-26 07:49:31;;;;;;66.55066;;;;;;
2013-02-26 08:20:32;;;51.322018;;;66.54149;27.77642;7525.065;5807.349;4951.6255;567.48254;
2013-02-26 08:28:13;;;51.322018;;;66.559845;;7519.1196;5802.438;4952.2905;566.5925;
2013-02-26 08:28:14;;;;;;;27.813072;;;;;
2013-02-26 09:15:01;;;51.426052;;;;;;;;;
2013-02-26 09:15:16;;;;;;66.37017;;;;;;
2013-02-26 09:15:31;;;51.560684;;;;;;;;;
2013-02-26 09:16:22;;;;;;66.235565;;;;;;
2013-02-26 09:16:31;;;51.661655;;;;;;;;;
2013-02-26 09:17:31;;;;;;66.125435;;;;;;
2013-02-26 09:18:46;;;;;;66.250595;;;;;;
2013-02-26 09:19:46;;;;;;66.39158;;;;;;
2013-02-26 09:20:36;;;51.560688;;;;;;;;;
2013-02-26 09:21:31;;;;;;66.50172;;;;;;
2013-02-26 09:23:31;;;51.459713;;;;;;;;;
2013-02-26 09:24:31;;;;;;66.602646;;;;;;
2013-02-26 09:39:46;;;;;;66.70974;;;;;;
2013-02-26 09:52:31;;;;;;66.81935;;;;;;
2013-02-26 09:59:16;;;;;;;;;;;576.7323;
2013-02-26 10:10:31;;;;;;66.92083;;;;;;
2013-02-26 10:14:05;;;;;;;;7569.923;;;;
2013-02-26 10:16:16;;;;;;;;;5853.746;;;
2013-02-26 10:35:31;;;;;;67.02791;;;;;;
2013-02-26 11:07:16;;;;;;67.13804;;;;;;
2013-02-26 11:29:01;;;;;;;;;;;587.2219;
2013-02-26 11:51:16;;;;;;67.24818;;;;;;
2013-02-26 12:08:16;;;51.563744;;;;;;;;;
2013-02-26 12:31:01;;;;;;;;7622.5337;;;;
2013-02-26 12:33:16;;;;;;67.349106;;;;;;
2013-02-26 12:34:31;;;;;;67.2209;;;;;;
2013-02-26 12:40:46;;;;;;67.321594;;;;;;
2013-02-26 12:41:16;;;;;;;28.33995;;;;;
2013-02-26 13:04:01;;;;;;67.21771;;;;;;
2013-02-26 13:07:46;;;;;;67.333824;;;;;;
2013-02-26 13:17:17;;;51.594337;;;67.269585;28.239159;7625.5547;5883.748;4948.691;595.2002;
2013-02-26 13:55:40;;;51.594337;;;67.20229;28.216248;7622.5337;5894.1313;4952.152;594.0242;
2013-02-26 14:07:47;;;51.594337;;;67.17475;28.179596;7617.548;5886.2134;4949.272;592.24414;
2013-02-26 14:08:53;;;51.594337;;;67.23899;;7630.0244;5895.152;4952.706;595.16846;
2013-02-26 14:08:54;;;;;;;28.179596;;;;;
2013-02-26 14:12:18;;;51.594337;;;67.22675;28.234573;7618.1377;5888.0537;4948.359;593.61096;
2013-02-26 14:13:08;;;51.594337;;;67.23593;;7626.8027;5894.7983;4949.5767;595.51807;
2013-02-26 14:13:09;;;;;;;28.262062;;;;;
2013-02-26 14:15:47;;;51.594337;;;67.190056;28.179596;7624.438;5887.3877;4949.4937;596.85315;
2013-02-26 14:16:50;;;51.594337;;;67.207634;;7622.862;5878.2773;4949.078;594.40564;
2013-02-26 14:16:51;;;;;;;28.156689;;;;;
2013-02-26 14:18:17;;;51.594337;;;67.21758;28.16127;7628.1177;5891.973;4953.5933;595.9949;
2013-02-26 14:19:09;;;51.594337;;;67.214516;;7614.0093;5881.871;4948.663;593.2295;
2013-02-26 14:19:10;;;;;;;28.170433;;;;;
2013-02-26 14:27:02;;;51.594337;;;67.22064;28.156689;7615.254;5873.9473;4949.9365;592.7527;
2013-02-26 14:27:54;;;51.594337;;;67.18699;28.156689;7617.548;5887.5835;4947.6675;593.07056;
2013-02-26 14:33:31;;;51.594337;;;67.2084;28.172152;7612.4375;5878.121;4952.2075;592.78455;
2013-02-26 14:35:08;;;51.594337;;;67.223434;;7622.665;5887.3486;4949.798;593.2931;
2013-02-26 14:35:09;;;;;;;28.152107;;;;;
2013-02-26 15:26:16;;;;;;67.32561;;;;;;
2013-02-26 15:47:46;;;51.86972;;;66.80076;;;5836.684;;;
2013-02-26 15:48:01;;;52.13898;;;66.48642;;7570.3115;;4866.3853;;
2013-02-26 15:48:16;;;;;;;;;5785.976;;583.1532;
2013-02-26 15:48:31;;;52.249138;;;;27.464874;;;4788.6885;;
2013-02-26 15:48:46;;;;;;66.37935;;7512.0996;5716.1;;;
2013-02-26 15:49:01;;;52.383774;;;;;;;4706.5166;571.0426;
2013-02-26 15:49:16;;;;;;;;;5652.2925;;;
2013-02-26 15:49:31;;;51.99824;;;66.27533;;7423.0776;;4626.053;559.1068;
2013-02-26 15:49:46;;;;;;;;;5589.54;;;
2013-02-26 15:50:01;;;51.897266;;;66.109375;26.947159;;;4544.558;;
2013-02-26 15:50:16;;;;;;65.87916;;7353.573;5513.7026;;545.6135;
2013-02-26 15:50:35;;;;;;65.44629;;;5455.957;4444.2676;;
2013-02-26 15:50:46;;;;;;64.993645;;7292.14;;4382.954;535.1876;
2013-02-26 15:51:01;;;;;;64.574394;26.255344;;5354.722;4315.51;;
2013-02-26 15:51:16;;;;;;64.12775;;7202.595;5300.56;4251.0283;520.62976;
2013-02-26 15:51:31;;;;;;63.681107;25.572697;;5243.969;4180.473;;
2013-02-26 15:51:54;;;;;;63.173267;25.009163;7111.964;5179.132;4101.8545;501.01715;
2013-02-26 15:52:01;;;;;;62.68685;;7043.9873;5106.728;3995.9824;;
2013-02-26 15:52:16;;;;;;61.11851;24.485611;6878.9297;4881.4146;3712.1616;470.68774;
2013-02-26 15:52:31;;;;;;59.603172;23.81047;6686.2935;4639.925;3403.1895;444.60474;
2013-02-26 15:52:46;;;;;;58.43145;22.9654;6514.0137;4422.572;3144.1982;423.45172;
2013-02-26 15:53:01;;;;;;57.360714;21.75607;6322.4004;4179.506;2878.8452;401.5785;
2013-02-26 15:53:16;;;;;;56.565342;20.812538;6154.336;3983.6086;2662.3416;383.27478;
2013-02-26 15:53:31;;;;;;55.800632;19.572273;5964.233;3758.969;2432.3167;364.05774;
2013-02-26 15:53:46;;;;;;55.249844;18.54256;5794.309;3565.4934;2244.8237;348.85675;
2013-02-26 15:54:13;;;;;;54.43609;16.677895;5481.0947;3218.1172;1937.5078;321.46375;
2013-02-26 15:54:16;;;;;;54.30147;;5421.502;3160.8616;1886.8367;;
2013-02-26 15:54:31;;;;;;53.995556;15.57564;5252.964;2997.5686;1753.3674;306.19403;
2013-02-26 15:54:46;;;;;;53.747757;14.744335;5072.9805;2824.8474;1621.9886;294.73358;
2013-02-26 15:55:01;;;;;;53.472424;13.83956;4880.661;2647.2046;1488.005;284.26428;
2013-02-26 15:55:17;;;;;;53.27051;13.067974;4687.9453;2480.976;1371.9325;;
2013-02-26 15:55:31;В резерве;;;;;53.135906;12.544397;4603.556;2398.4448;1313.7614;273.81097;
2013-02-26 15:55:46;;;;;;;11.961115;;;;;
2013-02-26 15:56:02;;;;;;;11.446724;;;;;
2013-02-26 15:56:31;;;;;;;10.620026;;;;;
2013-02-26 15:57:01;;;;;;;9.926516;;;;;
2013-02-26 15:57:46;;;;;;;9.228415;;;;;
2013-02-26 15:58:31;;;;;;;8.603798;;;;;
2013-02-26 16:00:01;;;;;;;8.083092;;;;;
2013-02-26 16:01:32;;;;;;;7.5475082;;;;;
2013-02-26 16:01:46;;;;;;;;;;;263.64508;
2013-02-26 16:03:31;;;;;;53.03495;;;;;;
2013-02-26 16:04:31;;;;;;;7.0055113;;;;;
2013-02-26 16:05:31;Авария;;;;;;;;;;;
2013-02-26 16:05:46;;;51.29449;;;51.98374;;3104.224;1468.9669;863.9006;81.49399;
2013-02-26 16:06:01;;;51.591278;;;;;2330.604;1041.178;673.7634;49.282528;
2013-02-26 16:06:16;;;51.73815;;;;;1794.4209;777.3203;486.54007;37.053574;
2013-02-26 16:06:31;;;51.842186;;;;;1462.7762;625.087;361.93286;;
2013-02-26 16:06:46;;;;;;;;1227.0652;516.2048;268.59222;;
2013-02-26 16:07:01;;;;;;;;1051.665;438.2496;195.49637;25.15944;
2013-02-26 16:07:16;;;;;;;;916.5609;378.56302;135.68918;;
2013-02-26 16:07:31;;;;;;;;810.16437;;83.02691;;
2013-02-26 16:07:46;;;;;;;;724.02264;293.65964;29.682505;;
2013-02-26 16:08:01;;;;;;;;652.0132;;;;
2013-02-26 16:08:16;;;;;;;;591.8121;233.0288;;;
2013-02-26 16:08:31;;;;;;;;540.58496;;;;
2013-02-26 16:09:01;;;;;;;;457.72586;161.55208;;;
2013-02-26 16:09:31;;;;;;;;392.92935;;;;
2013-02-26 16:09:46;;;36.558334;;;36.80539;;;99.20328;;;
2013-02-26 16:10:01;;;21.362457;;;21.573744;;339.16885;;;;
2013-02-26 16:10:16;;;12.986401;;;13.134397;5.820582;;20.493933;;;
2013-02-26 16:10:31;;;7.95134;;;8.101424;4.0248013;287.2892;;;;
2013-02-26 16:10:48;;;4.47142;;;4.643925;1.6061323;;;;;
2013-02-26 16:11:01;;;2.665102;;;2.8481507;-0.0168402;;;;;
2013-02-26 16:11:16;;;1.5054572;;;1.6367087;-1.4585749;228.4114;;;;
2013-02-26 16:11:31;;;0.6792766;;;0.7892999;-2.7801113;;;;;
2013-02-26 16:11:46;;;0.2356056;;;0.385465;-3.5027556;;;;;
2013-02-26 16:12:01;;;0.030598;;;0.1804951;-4.017145;;;;;
2013-02-26 16:12:16;;;;;;0.0764974;;175.54697;;;;
2013-02-26 16:12:31;;;-0.0734352;;;;;;;;;
2013-02-26 16:13:01;;;;;;;-3.3742118;;;;;
2013-02-26 16:13:31;;;;;;;-2.5382733;;;;;
2013-02-26 16:13:46;;;;;;;-2.01929;124.45892;;;;
2013-02-26 16:14:16;;;;;;;-1.1282916;;;;;
2013-02-26 16:14:46;;;;;;;-0.2372933;;;;;
2013-02-26 16:15:31;;;;;;;0.5067298;;;;;
2013-02-26 16:16:01;;;;;;;1.0670545;;;;;
2013-02-26 16:16:31;;;;;;;1.641139;74.1469;;;;
2013-02-26 16:17:23;;;;;;;2.311696;;;;;
2013-02-26 16:18:16;;;;;;;2.8903856;;;;;
2013-02-26 16:19:31;;;;;;;3.4782605;;;;;
2013-02-26 16:21:16;;;;;;;;;;;35.331593;
2013-02-26 16:21:39;;;;;;;3.9880586;;;;;
2013-02-26 16:24:46;В резерве;;;;;;;;;;;
2013-02-26 16:26:31;;;;;;;4.5759335;;;;;
2013-02-26 16:29:01;;;;;;;;24.093979;;;;
2013-02-26 16:33:46;;;;;;;5.1224737;;;;;
2013-02-26 16:34:31;;;;;;;;;;;45.567596;
2013-02-26 16:44:16;;;;;;;5.623087;;;;;
2013-02-26 16:53:16;;;;;;;6.1558485;;;;;
2013-02-26 17:05:01;;;;;;;6.702388;;;;;
2013-02-26 17:18:46;;;;;;;7.2305574;;;;;
2013-02-26 17:37:16;;;;;;;7.7403555;;;;;
2013-02-26 18:05:16;;;;;;;8.27771;;;;;
2013-02-26 19:28:17;;;-0.137691;;;0.0428293;8.580832;0.0;0.0;0.0;41.007652;
2013-02-26 19:28:27;;;-0.137691;;;0.0428293;;0.0;0.0;0.0;41.007652;
2013-02-26 19:28:28;;;;;;;8.580832;;;;;
2013-02-26 19:29:02;;;-0.137691;;;0.0428293;8.580832;0.0;0.0;0.0;41.007652;
2013-02-26 19:29:36;;;-0.137691;;;0.0428293;8.580832;0.0;0.0;0.0;41.007652;
2013-02-26 19:31:47;;;-0.137691;;;0.0428293;8.590017;0.0;0.0;0.0;41.007652;
2013-02-26 19:33:19;;;-0.137691;;;0.0428293;8.590017;0.0;0.0;0.0;41.007652;
2013-02-26 19:34:17;;;-0.137691;;;0.0428293;8.585424;0.0;0.0;0.0;41.007652;
2013-02-26 19:35:41;;;-0.137691;;;0.0428293;8.571648;0.0;0.0;0.0;40.65689;
2013-02-26 21:06:46;;;;;;;8.034294;;;;;
2013-02-26 22:08:46;;;;;;;7.524495;;;;;
2013-02-26 23:05:31;;;;;;;7.0032153;;;;;
2013-02-26 23:55:31;;;;;;;6.500306;;;;;
2013-02-27 00:08:01;;;;;;;;;;;30.54847;
2013-02-27 00:47:31;;;;;;;5.999694;;;;;
2013-02-27 01:42:32;;;-0.137691;;;0.0428293;5.6093082;0.0;0.0;0.0;28.954082;
2013-02-27 01:43:02;;;-0.137691;;;0.0428293;5.572566;0.0;0.0;0.0;28.954082;
2013-02-27 03:02:01;;;;;;;4.9984694;;;;;
2013-02-27 04:18:46;;;;;;;4.4748926;;;;;
2013-02-27 06:17:01;;;;;;;3.9283528;;;;;
2013-02-27 08:02:01;;;;;;;3.3955913;;;;;
2013-02-27 09:45:16;;;;;;;2.8812003;;;;;
2013-02-27 11:22:46;;;;;;;2.380588;;;;;
2013-02-27 11:27:01;Авария;;;;;;;;;;;
2013-02-27 11:44:01;В резерве;;;;;;;;;;;
2013-02-27 14:05:47;;;-0.137691;;;0.0428293;2.1004286;0.0;0.0;0.0;22.353317;
2013-02-27 14:05:54;;;-0.137691;;;0.0428293;2.1004286;0.0;0.0;0.0;22.353317;
2013-02-27 16:58:31;;;;;;;1.5952237;;;;;
2013-02-27 17:55:01;;;;;;;1.080833;;;;;
2013-02-27 18:35:01;;;;;;;0.5756277;;;;;
2013-02-27 19:05:46;;;;;;;0.0600888;;;;;
2013-02-27 19:58:16;;;;;;;-0.4577465;;;;;
2013-02-27 20:34:31;;;;;;;-1.0088792;;;;;
2013-02-27 21:01:16;;;;;;;-1.5278628;;;;;
2013-02-27 21:14:46;Авария;;;;;;;;;;;
2013-02-27 21:34:31;;;;;;;-2.0698638;;;;;
2013-02-27 22:02:54;;;;;;;-2.5750155;;;;;
2013-02-27 22:32:01;;;;;;;-3.0985913;;;;;
2013-02-27 22:49:31;;;;;;;;;;;12.244898;
2013-02-27 23:07:16;;;;;;;-3.6542187;;;;;
2013-02-28 00:01:01;;;;;;;-4.2421923;;;;;
2013-02-28 00:45:16;;;;;;;-4.761175;;;;;
2013-02-28 01:15:31;В резерве;;;;;;;;;;;
2013-02-28 01:19:16;;;;;;;;;;;2.0408163;
2013-02-28 01:39:31;;;;;;;-5.2617874;;;;;
2013-02-28 02:37:31;;;;;;;-5.7624006;;;;;
2013-02-28 04:17:01;;;;;;;-6.2721987;;;;;
2013-02-28 06:01:46;;;;;;;-6.7957745;;;;;
2013-02-28 06:45:31;;;0.2790363;;;0.2278714;;;;;;
2013-02-28 06:45:46;;;12.637015;;;12.687483;;;;;;
2013-02-28 06:46:01;;;27.2718;;;27.363304;-5.9416175;;;;;
2013-02-28 06:46:16;;;39.473934;;;39.552746;-4.4718313;;;;;
2013-02-28 06:46:34;;;48.09646;;;48.250805;-1.0426087;;;;;
2013-02-28 06:46:46;;;49.648304;;;49.831924;1.8125124;;;;;
2013-02-28 06:47:01;;;49.78294;;;49.93288;5.329032;;;;;
2013-02-28 06:47:16;;;;;;;8.1732235;;;;;
2013-02-28 06:47:31;;;;;;;9.898762;;;;;
2013-02-28 06:47:46;;;;;;;11.0930805;;;;;
2013-02-28 06:48:01;;;;;;;11.708511;;;;;
2013-02-28 06:48:16;;;;;;;;;55.68217;;;
2013-02-28 06:48:33;;;;;;;;;691.9824;;;
2013-02-28 06:48:46;;;;;;;;265.37262;873.3429;;;
2013-02-28 06:49:01;;;;;;;;446.82742;;;;
2013-02-28 06:49:16;;;;;;;11.106859;588.36346;;;;
2013-02-28 06:49:31;;;;;;;;733.35944;1077.0394;;;
2013-02-28 06:49:46;;;;;;;10.234232;1045.4095;1397.6896;;;
2013-02-28 06:50:01;Авария;;;;;50.033836;9.706062;1294.3267;1125.565;;;
2013-02-28 06:50:16;;;49.91146;;;;;1163.7346;645.25824;;;
2013-02-28 06:50:31;;;;;;;8.681875;990.6066;462.74512;;;
2013-02-28 06:50:46;;;;;;;;843.62305;365.52417;;;
2013-02-28 06:51:01;;;;;;;7.519902;726.0378;301.74707;;;
2013-02-28 06:51:16;;;;;;;6.9044704;630.7815;;;;
2013-02-28 06:51:31;;;;;;;6.3900795;553.4693;221.89206;;;
2013-02-28 06:51:49;;;;;;;5.8251686;481.96933;;;;
2013-02-28 06:52:01;;;;;;;;;166.73384;;;
2013-02-28 06:52:16;;;;;;;5.205144;390.64;;;;
2013-02-28 06:52:46;;;;;;;4.6218615;318.20697;;;;
2013-02-28 06:53:01;;;;;;;;;98.70766;;;
2013-02-28 06:53:16;;;;;;;;262.58942;;;;
2013-02-28 06:53:31;;;;;;;4.079914;;;;;
2013-02-28 06:54:01;;;;;;;;200.59326;;;;
2013-02-28 06:54:31;;;;;;;;;46.224533;;;
2013-02-28 06:54:46;;;49.807426;;;;;;;;;
2013-02-28 06:55:01;;;;;;49.905354;;138.95634;;;;
2013-02-28 06:55:16;;;49.703392;;;;;;;;;
2013-02-28 06:55:31;;;;;;49.801342;;;;;;
2013-02-28 06:55:46;;;49.602417;;;;;;;;;
2013-02-28 06:56:09;;;;;;49.697327;;;;;;
2013-02-28 06:56:16;;;;;;;;87.60961;;;;
2013-02-28 06:56:31;;;49.46778;;;;;;;;;
2013-02-28 06:56:46;;;;;;49.59637;;;;;;
2013-02-28 06:57:31;;;49.366814;;;49.49236;;;;;;
2013-02-28 06:58:31;;;49.26584;;;49.391403;;;;;;
2013-02-28 06:58:46;;;;;;;;34.751514;;;;
2013-02-28 06:59:20;В резерве;;;;;;;;;;;
2013-02-28 06:59:31;;;49.164864;;;;;;;;;
2013-02-28 06:59:46;;;;;;49.290447;;;;;;
2013-02-28 07:00:16;;;49.850258;;;49.972652;;;;;;
2013-02-28 07:02:01;;;;;;;;;254.35864;;;
2013-02-28 07:02:16;;;;;;;;131.56306;839.8017;;;
2013-02-28 07:02:31;;;;;;;;333.6968;;;;
2013-02-28 07:02:46;;;;;;;;492.84183;;;;
2013-02-28 07:03:01;;;;;;;;615.8862;897.14496;;;
2013-02-28 07:03:16;;;;;;;;799.6593;1258.7363;;;
2013-02-28 07:03:31;;;;;;;;1117.5242;1406.0223;;;
2013-02-28 07:03:46;Авария;;49.991005;;;50.107258;;1225.7788;874.77924;;;
2013-02-28 07:04:01;;;;;;;;1068.879;555.9525;;;
2013-02-28 07:04:16;;;;;;;;909.87585;413.85754;;;
2013-02-28 07:04:31;;;;;;;;777.8709;332.01956;;;
2013-02-28 07:04:46;;;;;;;3.501225;671.5321;276.3479;;;
2013-02-28 07:05:01;;;;;;;;585.26;;;;
2013-02-28 07:05:16;;;49.859436;;;50.00631;;514.4863;203.90282;;;
2013-02-28 07:05:31;;;;;;;;455.50406;;;;
2013-02-28 07:06:01;;;49.75846;;;49.905354;;366.14365;147.01762;;;
2013-02-28 07:06:31;;;;;;;;294.99918;;;;
2013-02-28 07:06:46;;;49.657494;;;49.804398;;;;;;
2013-02-28 07:07:01;;;;;;;;241.64635;85.39795;;;
2013-02-28 07:07:48;;;49.553463;;;49.70344;;179.88892;;;;
2013-02-28 07:08:31;;;;;;;;;32.314114;;;
2013-02-28 07:08:54;;;;;;;;116.70628;;;;
2013-02-28 07:09:01;;;49.452484;;;49.602486;;;;;;
2013-02-28 07:10:31;;;;;;49.50153;;60.267033;;;;
2013-02-28 07:11:01;;;49.35151;;;;;;;;;
2013-02-28 07:12:31;В резерве;;;;;;;;;;;
2013-02-28 07:13:01;;;;;;49.400585;;;;;;
2013-02-28 07:13:31;;;49.25054;;;;;;;;;
2013-02-28 07:14:31;;;;;;;;8.993361;;;;
2013-02-28 07:16:16;;;;;;49.29963;;;;;;
2013-02-28 07:17:21;;;49.14651;;;;;;;;;
2013-02-28 07:19:31;;;;;;;2.9776487;;;;;
2013-02-28 07:22:31;;;;;;49.192547;;;;;;
2013-02-28 07:23:01;;;49.045532;;;;;;;;;
2013-02-28 07:30:46;;;;;;49.091602;;;;;;
2013-02-28 07:32:31;;;48.9415;;;;;;;;;
2013-02-28 07:38:01;;;;;;;2.472443;;;;;
2013-02-28 07:43:01;;;;;;48.990643;;;;;;
2013-02-28 07:45:16;;;48.840523;;;;;;;;;
2013-02-28 07:49:01;;;49.83495;;;49.9543;;;;;;
2013-02-28 07:50:01;;;;;;;;;663.08875;;;
2013-02-28 07:50:16;;;;;;;;236.86111;864.11816;;;
2013-02-28 07:50:39;;;;;;;;500.29343;;;;
2013-02-28 07:50:46;;;;;;;;562.3316;;;;
2013-02-28 07:51:02;;;;;;;;697.8546;1065.3397;;;
2013-02-28 07:51:16;;;;;;;;1009.6714;1410.497;;;
2013-02-28 07:51:31;;;;;;;;1891.1584;1554.0033;199.14127;211.12631;
2013-02-28 07:51:46;;;;;;50.12561;;2851.6873;1689.0541;528.0508;278.29553;
2013-02-28 07:52:01;;;;;;50.3673;;3714.6074;1855.5865;858.9816;260.03912;
2013-02-28 07:52:16;;;;;;50.706867;;4291.281;2172.7078;1154.9377;243.15353;
2013-02-28 07:52:32;;;;;;51.049503;;4616.739;2467.998;1372.7028;230.96075;
2013-02-28 07:52:49;;;;;;;;;;;215.57614;
2013-02-28 07:53:31;;;;;;;3.0695038;;;;;
2013-02-28 07:54:31;;;;;;;3.6619716;;;;;
2013-02-28 07:56:16;;;;;;;4.1947336;;;;;
2013-02-28 07:57:32;;;;;;51.32073;;4839.9077;2674.4648;1537.4081;241.94058;
2013-02-28 07:57:46;;;;;;51.74395;;5142.003;2972.452;1777.4661;256.84576;
2013-02-28 07:58:01;;;;;;52.361916;;5440.1626;3296.0374;2059.685;274.3693;
2013-02-28 07:58:16;;;;;;53.223476;4.8560925;5738.3354;3637.6187;2391.2717;295.94336;
2013-02-28 07:58:31;;;;;;54.319828;;6015.919;3965.6177;2751.5376;321.23297;
2013-02-28 07:58:46;;;49.733986;;;56.045235;5.898652;6334.6177;4372.9277;3216.8892;355.4204;
2013-02-28 07:59:01;;;;;;58.268154;6.7620945;6631.041;4759.667;3714.5295;397.2689;
2013-02-28 07:59:16;;;;;;59.701984;7.8735456;6761.171;4945.4004;3967.1108;424.9516;
2013-02-28 07:59:31;;;;;;60.59433;9.398346;6823.669;5040.8525;4099.176;444.1751;
2013-02-28 07:59:46;;;;;;60.493374;10.955297;;;;;
2013-02-28 08:00:01;;;;;;;12.319351;;;;;
2013-02-28 08:00:16;;;;;;;13.475008;;;;;
2013-02-28 08:00:32;;;;;;;14.372307;;;;;
2013-02-28 08:00:46;;;;;;;15.111757;;;;;
2013-02-28 08:01:01;;;;;;;15.842008;;;;;
2013-02-28 08:01:31;;;;;;;16.687077;;;;;
2013-02-28 08:02:01;;;;;;;17.42192;;;;;
2013-02-28 08:02:16;;;;;;;;;;;454.38263;
2013-02-28 08:02:31;;;;;;;17.996017;;;;;
2013-02-28 08:03:16;;;;;;;18.625229;;;;;
2013-02-28 08:04:16;;;;;;;19.148808;;;;;
2013-02-28 08:06:01;;;;;;;19.718307;;;;;
2013-02-28 08:09:16;;;;;;;20.260258;;;;;
2013-02-28 08:09:31;В работе;;;;;;;;;;;
2013-02-28 08:17:16;;;;;;60.906372;;6887.816;5093.65;4176.4487;;
2013-02-28 08:17:31;;;;;;61.35913;;;5145.5303;4251.396;;
2013-02-28 08:17:46;;;;;;61.81776;20.829762;6978.673;5217.2314;4328.0024;464.9712;
2013-02-28 08:18:02;;;;;;62.258556;;;;4396.6704;;
2013-02-28 08:18:16;;;;;;62.754147;21.405006;7062.1973;5325.532;4474.26;480.1983;
2013-02-28 08:18:31;;;;;;63.240562;;;5384.365;4546.472;;
2013-02-28 08:18:46;;;;;;63.77287;22.18922;7150.748;5449.5073;4624.627;495.4891;
2013-02-28 08:19:03;;;;;;;22.708206;;5511.0933;4709.998;;
2013-02-28 08:19:16;;;;;;;;7235.4497;5562.527;4773.992;509.66302;
2013-02-28 08:19:31;;;;;;;23.585426;;5628.032;4851.2617;;
2013-02-28 08:19:46;;;;;;;;7317.158;5690.961;4924.5713;525.14307;
2013-02-28 08:20:01;;;;;;;24.311085;;;;;
2013-02-28 08:20:18;;;49.602417;;;;;;5745.9727;4995.7563;535.69604;
2013-02-28 08:20:31;;;;;;63.907486;24.939507;;;;;
2013-02-28 08:20:46;;;49.501442;;;64.00843;;;;;;
2013-02-28 08:21:16;;;49.366814;;;64.22258;;;;;;
2013-02-28 08:21:31;;;;;;64.3266;25.53146;;;;;
2013-02-28 08:21:46;;;49.19852;;;64.458145;;;;;;
2013-02-28 08:22:16;;;;;;64.5591;;;;;;
2013-02-28 08:22:31;;;49.097546;;;;;;;;;
2013-02-28 08:22:46;;;;;;;26.044594;;;;;
2013-02-28 08:23:46;;;;;;64.42755;;;;;;
2013-02-28 08:24:31;;;49.229115;;;;;;;;;
2013-02-28 08:25:46;;;49.33009;;;;;;;;;
2013-02-28 08:27:16;;;;;;64.31131;;;;;;
2013-02-28 08:35:50;;;;;;;;7367.345;;;;
2013-02-28 08:39:01;;;;;;64.42144;;;;;;
2013-02-28 09:14:49;;;;;;;26.557728;;;;;
2013-02-28 09:33:31;;;49.229122;;;;;;;;;
2013-02-28 09:50:31;;;;;;;;7425.0083;;;;
2013-02-28 10:16:16;;;;;;;;;;;547.5206;
2013-02-28 10:26:01;;;;;;64.52545;;;;;;
2013-02-28 11:07:01;;;;;;64.41532;;;;;;
2013-02-28 11:55:31;;;49.12509;;;;;;;;;
2013-02-28 12:10:16;;;;;;64.30213;;;;;;
2013-02-28 12:34:01;;;;;;;;7479.913;;;;
2013-02-28 13:03:23;;;49.021057;;;;;;;;;
2013-02-28 13:08:01;;;;;;64.19658;;;;;;
2013-02-28 13:16:46;;;;;;;;;;;559.5359;
2013-02-28 13:20:17;;;;;;64.299065;;;;;;
2013-02-28 13:38:47;;;49.054707;;;64.24199;26.850948;7481.7466;5770.021;4948.497;558.48694;
2013-02-28 13:38:54;;;49.054707;;;64.26235;;7494.5435;5782.801;4950.2964;560.64844;
2013-02-28 13:38:55;;;;;;;26.85553;;;;;
2013-02-28 14:13:31;;;;;;64.1461;;;;;;
2013-02-28 15:12:18;;;48.990456;;;64.14304;26.750153;7479.597;5765.21;4948.525;558.23267;
2013-02-28 15:12:43;;;48.990456;;;64.11551;26.750153;7480.3555;5768.3286;4948.857;559.02734;
2013-02-28 15:58:18;;;48.990456;;;64.069626;26.759315;7476.438;5760.67;4951.681;556.7388;
2013-02-28 16:08:36;;;48.990456;;;64.097145;;7482.379;5774.7266;4950.3237;558.2008;
2013-02-28 16:08:37;;;;;;;26.754734;;;;;
2013-02-28 17:12:03;;;;;;63.99009;;;;;;
2013-02-28 17:38:19;;;48.88948;;;;;;;;;
2013-02-28 18:30:31;;;;;;63.889133;;;;;;
2013-02-28 18:38:47;;;48.858887;;;63.916668;26.722664;7469.6865;5760.145;4949.355;554.9586;
2013-02-28 18:38:54;;;48.858887;;;63.919712;26.721876;7479.407;5765.473;4951.182;556.0077;
2013-02-28 19:34:46;;;;;;63.788174;;;;;;
2013-02-28 19:35:01;;;;;;63.89219;;;;;;
2013-02-28 20:05:16;;;;;;63.791252;;;;;;
2013-02-28 20:32:16;Авария;;;;;;;6861.545;5166.0728;4197.4834;;
2013-02-28 20:32:32;;;37.593117;;;39.811954;;4176.3896;2196.4749;1716.4574;164.57138;
2013-02-28 20:32:46;;;21.365513;;;22.082832;25.554367;3066.2837;1442.0563;1145.2377;113.39209;
2013-02-28 20:33:01;;;12.579542;;;12.946254;24.137348;2373.0;1062.1309;872.0625;94.69328;
2013-02-28 20:33:20;;;7.501869;;;7.7194023;22.124987;1909.976;832.18134;673.36005;84.33316;
2013-02-28 20:33:31;;;4.494846;;;4.6745167;20.260258;1585.9672;681.3484;569.3403;;
2013-02-28 20:33:46;;;2.5469007;;;2.6890712;18.323685;1348.5339;570.87195;487.0643;73.22911;
2013-02-28 20:34:01;;;1.4319868;;;1.5389401;16.742195;1178.1531;493.50024;424.27612;;
2013-02-28 20:34:19;;;0.5691227;;;0.6771432;15.212799;1009.714;418.38165;356.88705;;
2013-02-28 20:34:31;;;0.2264252;;;0.3671086;14.450399;912.95514;;;;
2013-02-28 20:34:46;;;0.0214186;;;0.1621396;13.756889;820.755;335.15894;276.1919;;
2013-02-28 20:35:01;;;;;;;;743.9168;;;;
2013-02-28 20:35:16;;;;;;0.0611848;;679.0744;273.57724;210.97484;;
2013-02-28 20:35:31;;;;;;;;624.39905;;;;
2013-02-28 20:36:01;;;;;;;14.27128;538.46765;212.27925;148.84529;;
2013-02-28 20:36:16;;;;;;;14.836191;;;;;
2013-02-28 20:36:32;;;;;;;;467.26825;;;;
2013-02-28 20:36:46;;;;;;;15.685854;;;;;
2013-02-28 20:37:01;;;;;;;16.250763;413.0412;160.94121;94.06163;;
2013-02-28 20:37:16;;;-0.0826146;;;;;;;;;
2013-02-28 20:37:31;;;;;;;16.930496;;;;;
2013-02-28 20:37:46;;;;;;;;350.51877;;;;
2013-02-28 20:38:01;;;;;;;17.720356;;;;;
2013-02-28 20:38:16;;;;;;;;;;34.78379;;
2013-02-28 20:38:31;;;;;;;18.340477;;;;;
2013-02-28 20:38:46;;;;;;;;290.24435;106.57759;;;
2013-02-28 20:39:01;;;;;;;18.92376;;;;;
2013-02-28 20:39:38;;;;;;;19.548378;;;;;
2013-02-28 20:40:01;;;;;;;;236.70453;;;83.631134;
2013-02-28 20:40:31;;;;;;;20.13625;;;;;
2013-02-28 20:41:31;;;;;;;20.641457;;;;;
2013-02-28 20:42:01;;;;;;;;182.7183;52.591625;;;
2013-02-28 20:43:46;;;;;;;21.247704;;;;;
2013-02-28 20:45:01;;;;;;;;132.46953;;;;
2013-02-28 20:46:16;;;;;;;;;;;93.96936;
2013-02-28 20:47:16;В резерве;;;;;;;;;;;
2013-02-28 20:49:46;;;;;;;;80.93588;;;;
2013-02-28 20:50:16;;;;;;;;;1.9114981;;;
2013-02-28 20:53:01;;;;;;;;;;;104.224;
2013-02-28 20:59:16;;;;;;;;30.288244;;;;
2013-02-28 21:09:46;;;;;;;20.724129;;;;;
2013-02-28 21:17:31;;;;;;;;;;;93.93747;
2013-02-28 21:23:46;;;;;;;20.14544;;;;;
2013-02-28 21:27:46;;;;;;;;;;;83.63115;
2013-02-28 21:28:46;;;;;;;;;654.8836;;;
2013-02-28 21:29:01;;;;;;;;204.83063;882.0471;;;
2013-02-28 21:29:18;;;;;;;;407.8596;;;66.02884;
2013-02-28 21:29:31;;;;;;;;563.7097;;;55.521477;
2013-02-28 21:29:46;;;;;;;;685.49927;;;44.507347;
2013-02-28 21:30:01;;;;;;;;775.65137;;;;
2013-02-28 21:30:16;;;;;;;;857.3143;;;27.968302;
2013-02-28 21:30:32;;;;;;;;911.31854;;;;
2013-02-28 21:30:46;;;;;;;;;584.92163;;17.953148;
2013-02-28 21:31:01;;;;;;;;817.87225;442.94083;;;
2013-02-28 21:31:16;;;;;;;;738.8723;355.8428;;;
2013-02-28 21:31:31;;;;;;;;671.3192;303.10208;;;
2013-02-28 21:31:46;;;;;;;;611.43335;;;;
2013-02-28 21:32:01;;;;;;;;559.4112;237.39865;;;
2013-02-28 21:32:31;;;;;;;;474.46106;;;;
2013-02-28 21:32:46;;;;;;;;;181.71178;;;
2013-02-28 21:33:01;;;;;;;19.612679;408.59387;;;;
2013-02-28 21:33:31;;;;;;;;356.8613;;;;
2013-02-28 21:34:01;;;;;;;;;120.28019;;;
2013-02-28 21:34:16;;;;;;;;297.1077;;;;
2013-02-28 21:35:16;;;;;;;;240.37914;;;;
2013-02-28 21:36:01;;;;;;;;;67.68979;;;
2013-02-28 21:36:46;;;;;;;;182.65817;;;;
2013-02-28 21:38:46;;;;;;;;130.26399;;;;
2013-02-28 21:40:46;;;;;;;;;15.387435;;;
2013-02-28 21:41:46;;;;;;;;79.70314;;;;
2013-02-28 21:45:46;;;;;;;;;;;28.125;
2013-02-28 21:46:46;;;;;;;19.093693;;;;;
2013-02-28 21:47:31;;;;;;;;28.707026;;;;
2013-02-28 21:56:46;;;;;;;18.565525;;;;;
2013-02-28 22:08:31;;;;;;;18.037357;;;;;
2013-02-28 22:10:46;;;;;;;;;;;38.265305;
2013-02-28 22:20:46;;;;;;;17.426517;;;;;
2013-02-28 22:32:31;;;;;;;16.92131;;;;;
2013-02-28 22:45:01;;;;;;;16.397736;;;;;
2013-02-28 22:58:47;;;;;;;15.80986;;;;;
2013-02-28 23:10:47;;;;;;;15.221985;;;;;
2013-02-28 23:22:46;;;;;;;14.712187;;;;;
2013-02-28 23:34:31;;;;;;;14.179424;;;;;
2013-02-28 23:48:46;;;;;;;13.614513;;;;;
2013-03-01 00:00:00;;;-0.0826146;;;0.0611848;13.614513;28.707026;15.387435;34.78379;38.265305;
2013-03-01 00:01:31;;;;;;;13.09553;;;;;
2013-03-01 00:17:16;;;;;;;12.5857315;;;;;
2013-03-01 00:35:16;;;;;;;12.034599;;;;;
2013-03-01 00:53:16;;;;;;;11.492653;;;;;
2013-03-01 01:08:31;;;;;;;10.987448;;;;;
2013-03-01 01:29:46;;;;;;;10.431721;;;;;
2013-03-01 01:47:46;;;;;;;9.926516;;;;;
2013-03-01 02:10:31;;;;;;;9.42131;;;;;
2013-03-01 02:33:46;;;;;;;8.916105;;;;;
2013-03-01 03:02:31;;;;;;;8.383345;;;;;
2013-03-01 03:44:16;;;;;;;7.850582;;;;;
2013-03-01 04:24:01;;;;;;;7.3224134;;;;;
2013-03-01 05:00:31;;;;;;;6.8218;;;;;
2013-03-01 05:45:46;;;;;;;6.3074102;;;;;
2013-03-01 06:34:46;;;;;;;5.714942;;;;;
2013-03-01 06:35:08;;;;;;;;;;;28.125;
2013-03-01 07:32:16;;;;;;;5.209737;;;;;
2013-03-01 08:18:32;;;;;;;4.7045317;;;;;
2013-03-01 08:39:46;;;;;;;4.196313;;;;;
2013-03-01 09:17:16;;;;;;;3.6711574;;;;;
2013-03-01 10:01:01;;;;;;;3.1369605;;;;;
2013-03-01 13:59:46;;;;;;;3.7033067;;;;;
2013-03-01 18:55:01;;;;;;;3.170545;;;;;
2013-03-01 19:46:31;;;;;;;2.6406538;;;;;
2013-03-01 20:27:32;;;;;;;2.1004286;;;;;
2013-03-01 21:11:16;;;;;;;1.567667;;;;;
2013-03-01 21:55:01;;;;;;;1.0670545;;;;;
2013-03-01 22:32:16;;;;;;;0.5664421;;;;;
2013-03-01 23:24:19;;;;;;;0.0566442;;;;;
2013-03-01 23:25:01;;;;;;;;;;;17.889715;
2013-03-02 01:02:08;;;;;;;-0.4807103;;;;;
2013-03-02 02:29:01;;;;;;;-0.9996938;;;;;
2013-03-02 04:02:16;;;;;;;-1.5370483;;;;;
2013-03-02 05:50:17;;;-0.1193322;;;0.0428293;-1.9228413;0.0;0.0;0.0;17.283165;
2013-03-02 05:50:24;;;-0.1193322;;;0.0428293;;0.0;0.0;0.0;17.283165;
2013-03-02 05:50:25;;;;;;;-1.9136558;;;;;
2013-03-02 07:12:17;;;-0.1193322;;;0.0428293;-2.0055113;0.0;0.0;0.0;17.761482;
2013-03-02 07:37:54;;;-0.1193322;;;0.0428293;-2.0055113;0.0;0.0;0.0;18.080357;
2013-03-02 11:22:16;;;;;;;-1.4863305;;;;;
2013-03-02 12:29:31;;;;;;;-0.8848745;;;;;
2013-03-02 13:49:02;;;-0.1193322;;;0.0428293;-0.3934476;0.0;0.0;0.0;24.776787;
2013-03-02 13:49:11;;;-0.1193322;;;0.0428293;;0.0;0.0;0.0;24.776787;
2013-03-02 13:49:12;;;;;;;-0.3934476;;;;;
2013-03-02 16:11:31;;;;;;;0.1117575;;;;;
2013-03-02 22:06:46;;;;;;;-0.3888549;;;;;
2013-03-02 23:07:01;;;;;;;-0.9262095;;;;;
2013-03-03 00:18:16;;;;;;;-1.4922686;;;;;
2013-03-03 01:13:16;;;;;;;-1.9963257;;;;;
2013-03-03 02:14:16;;;;;;;-2.5382729;;;;;
2013-03-03 03:27:46;;;;;;;-3.089406;;;;;
2013-03-03 04:38:08;;;;;;;-3.5946107;;;;;
2013-03-03 05:46:31;;;;;;;-4.12278;;;;;
2013-03-03 06:13:17;;;-0.1193322;;;0.0428293;-4.1319656;0.0;0.0;0.0;16.581635;
2013-03-03 06:13:28;;;-0.1193322;;;0.0428293;-4.1319656;0.0;0.0;0.0;16.581635;
2013-03-03 07:08:01;;;;;;;-4.637171;;;;;
2013-03-03 08:26:34;;;;;;;-5.1699085;;;;;
2013-03-03 10:14:31;;;;;;;-5.687768;;;;;
2013-03-03 12:14:53;;;;;;;-5.1607475;;;;;
2013-03-03 13:12:01;;;;;;;-4.6463566;;;;;
2013-03-03 14:22:16;;;;;;;-4.1319656;;;;;
2013-03-03 20:01:46;;;;;;;-4.6417637;;;;;
2013-03-03 21:53:31;;;;;;;-5.142376;;;;;
2013-03-03 23:53:46;;;;;;;-5.642988;;;;;
2013-03-04 01:58:31;;;;;;;-6.2262707;;;;;
2013-03-04 03:32:05;;;;;;;-6.7544394;;;;;
2013-03-04 05:03:01;;;;;;;-7.287201;;;;;
2013-03-04 06:28:16;;;;;;;-7.833643;;;;;
2013-03-04 09:44:17;;;-0.1193322;;;0.0428293;-7.8291492;0.0;0.0;0.0;12.117346;
2013-03-04 09:44:29;;;-0.1193322;;;0.0428293;-7.8291492;0.0;0.0;0.0;12.117346;
2013-03-04 10:51:01;;;;;;;-7.3055725;;;;;
2013-03-04 11:27:31;;;;;;;-6.7819967;;;;;
2013-03-04 11:53:47;;;-0.1193322;;;0.0428293;-6.304348;0.0;0.0;0.0;17.283161;
2013-03-04 11:53:59;;;-0.1193322;;;0.0428293;-6.304348;0.0;0.0;0.0;17.283161;
2013-03-04 12:24:31;;;;;;;-5.789957;;;;;
2013-03-04 12:47:16;;;;;;;-5.2663813;;;;;
2013-03-04 13:08:46;;;;;;;-4.7428045;;;;;
2013-03-04 13:26:46;;;;;;;-4.2116218;;;;;
2013-03-04 13:58:46;;;;;;;-3.622168;;;;;
2013-03-04 14:32:31;;;;;;;-3.0113292;;;;;
2013-03-04 14:58:31;;;;;;;-2.5015311;;;;;
2013-03-04 15:26:48;;;;;;;-1.9687693;;;;;
2013-03-04 15:54:31;;;;;;;-1.4176364;;;;;
2013-03-04 16:35:02;;;;;;;-0.9124311;;;;;
2013-03-04 17:59:46;;;;;;;-0.4026332;;;;;
2013-03-04 22:12:31;;;;;;;;;;;7.2704086;
2013-03-05 00:04:01;;;;;;;-0.9078383;;;;;
2013-03-05 04:05:03;;;;;;;-1.4084506;;;;;
2013-03-05 08:40:46;Авария;;;;;;;;;;;
2013-03-05 08:42:31;В резерве;;;;;;;;;;;
2013-03-05 08:42:46;Авария;;;;;;;;;;;
2013-03-05 08:44:46;В резерве;;;;;;;;;;;
2013-03-05 09:00:31;;;;;;;-1.9366198;;;;;
2013-03-05 09:35:32;;;-0.1193322;;;0.0458886;-1.8172076;0.0;0.0;0.0;4.719388;
2013-03-05 09:36:09;;;-0.1193322;;;0.0458886;;0.0;0.0;0.0;4.783163;
2013-03-05 09:36:13;;;;;;;-1.8172076;;;;;
2013-03-05 10:47:46;;;;;;;-1.2913318;;;;;
2013-03-05 10:51:49;;;-0.1193322;;;0.0458886;-1.2293327;0.0;0.0;0.0;5.6122456;
2013-03-05 10:53:36;;;-0.1193322;;;0.0458886;;0.0;0.0;0.0;5.867347;
2013-03-05 10:53:37;;;;;;;-1.2201471;;;;;
2013-03-05 11:35:01;;;;;;;-0.691978;;;;;
2013-03-05 11:37:32;;;-0.1193322;;;0.0458886;-0.7103491;0.0;0.0;0.0;6.122449;
2013-03-05 11:38:26;;;-0.1193322;;;0.0458886;-0.7103491;0.0;0.0;0.0;6.122449;
2013-03-05 12:05:31;;;;;;;-0.1959584;;;;;
2013-03-05 12:31:16;;;0.4956219;;;0.6209595;;;;;;
2013-03-05 12:31:31;;;2.415138;;;2.5410795;;;;;;
2013-03-05 12:31:46;;;3.8737042;;;4.0125732;;;;;;
2013-03-05 12:32:02;;;4.724313;;;4.853959;;;;;;
2013-03-05 12:32:16;;;6.981183;;;7.119351;;;;;;
2013-03-05 12:32:31;;;11.29969;;;11.433743;;;;;;
2013-03-05 12:32:46;;;15.471262;;;15.577002;0.4332517;;;;;
2013-03-05 12:33:02;;;18.536266;;;18.67665;1.1663698;;;;;
2013-03-05 12:33:16;;;18.166033;;;18.334015;2.2519903;;;;;
2013-03-05 12:33:31;;;17.930443;;;18.098454;3.5701103;;;;;
2013-03-05 12:33:46;;;17.759079;;;17.930195;4.35548;;;;;
2013-03-05 12:34:01;;;18.898088;;;19.028458;5.0857315;;;;;
2013-03-05 12:34:16;;;20.43946;;;20.594788;5.6001225;;;;;
2013-03-05 12:34:31;;;21.94182;;;22.090725;;;;;;
2013-03-05 12:34:46;;;23.419674;;;23.543896;6.174219;;;;;
2013-03-05 12:35:01;;;27.16171;;;27.299566;;;;;;
2013-03-05 12:35:16;;;31.456198;;;31.590958;6.800272;;;;;
2013-03-05 12:35:31;;;35.27795;;;35.386066;;;;;;
2013-03-05 12:35:46;;;38.61217;;;38.71451;7.767883;;;;;
2013-03-05 12:36:01;;;41.145123;;;41.27906;8.291487;;;;;
2013-03-05 12:36:16;;;43.638786;;;43.788876;9.081444;;;;;
2013-03-05 12:36:31;;;46.233208;;;46.32588;9.862091;;;;;
2013-03-05 12:36:46;;;47.977657;;;48.115696;10.693508;;;;;
2013-03-05 12:37:01;;;;;;;11.423767;;;;;
2013-03-05 12:37:16;;;;;;;12.098898;;;;;
2013-03-05 12:37:46;;;;;;;12.799295;;;;;
2013-03-05 12:39:31;;;;;;;12.2091255;;;;;
2013-03-05 12:39:46;;;;;;;;;;;-4.1532516;
2013-03-05 12:40:16;;;;;;;11.507865;;;;;
2013-03-05 12:40:38;;;47.806316;;;47.944386;;;;;;
2013-03-05 12:41:01;;;31.909517;;;32.150097;10.7210655;;;;;
2013-03-05 12:41:16;;;18.30601;;;18.510082;10.032156;;;;;
2013-03-05 12:41:31;;;10.943983;;;11.123987;8.424679;;;;;
2013-03-05 12:41:46;;;6.598525;;;6.7479815;6.2477074;;;;;
2013-03-05 12:42:01;;;4.069538;;;4.1957536;3.928359;;;;;
2013-03-05 12:42:16;;;2.2061243;;;2.352563;1.4206982;;;;;
2013-03-05 12:42:31;;;1.147429;;;1.2879403;-0.168303;;;;;
2013-03-05 12:42:46;;;0.4926318;;;0.6332623;-1.6197183;;;;;
2013-03-05 12:43:01;;;0.1162724;;;0.2936869;-2.5107164;;;;;
2013-03-05 12:43:18;;;-0.0520166;;;0.1223695;-3.0802202;;;;;
2013-03-05 12:44:31;;;;;;;-2.5566444;;;;;
2013-03-05 12:44:50;;;;;;;-2.0330682;;;;;
2013-03-05 12:45:16;;;;;;;-1.1420822;;;;;
2013-03-05 12:45:46;;;;;;;-0.4531537;;;;;
2013-03-05 12:46:31;;;;;;;0.3781261;;;;;
2013-03-05 12:47:01;;;;;;;0.9660134;;;;;
2013-03-05 12:47:34;;;;;;;1.59063;;;;;
2013-03-05 12:48:16;;;;;;;2.109614;;;;;
2013-03-05 12:49:16;;;;;;;2.775566;;;;;
2013-03-05 12:50:31;;;;;;;3.2991424;;;;;
2013-03-05 12:52:31;;;;;;;3.8594608;;;;;
2013-03-05 12:57:16;;;-0.15299;;;;;;;;;
2013-03-05 13:04:01;;;;;;;4.3784447;;;;;
2013-03-05 13:24:16;;;;;;;4.88365;;;;;
2013-03-05 13:46:16;;;;;;;5.4210043;;;;;
2013-03-05 14:05:16;;;;;;;5.9629445;;;;;
2013-03-05 14:26:46;;;;;;;6.4911203;;;;;
2013-03-05 14:29:16;;;;;;;;;;;6.026786;
2013-03-05 14:45:31;;;;;;;7.019289;;;;;
2013-03-05 15:06:46;;;;;;;7.529087;;;;;
2013-03-05 15:33:16;;;;;;;8.029701;;;;;
2013-03-05 16:11:16;;;;;;;8.54409;;;;;
2013-03-05 17:15:46;;;;;;;9.044703;;;;;
2013-03-05 20:59:46;;;;;;;8.525721;;;;;
2013-03-05 23:08:16;;;;;;;7.9975996;;;;;
2013-03-06 01:53:01;;;;;;;7.48316;;;;;
2013-03-06 05:32:46;;;;;;;6.973362;;;;;
2013-03-06 06:56:01;;;;;;;6.4682064;;;;;
2013-03-06 08:21:46;;;9.142094;;;9.237756;;;;;;
2013-03-06 08:22:01;;;14.521515;;;14.650092;;;;;;
2013-03-06 08:22:16;;;17.695581;;;17.816738;;;;;;
2013-03-06 08:22:31;;;19.509268;;;19.615835;;;;;;
2013-03-06 08:22:46;;;20.546555;;;20.689625;;;;;;
2013-03-06 08:23:01;;;19.75292;;;19.857384;;;;;;
2013-03-06 08:23:16;;;25.149725;;;25.251568;5.2419357;;;;;
2013-03-06 08:23:34;;;38.50155;;;38.622326;4.5208206;;;;;
2013-03-06 08:23:46;;;45.784008;;;45.952637;;;;;;
2013-03-06 08:24:01;;;47.81243;;;47.98415;5.342926;;;;;
2013-03-06 08:24:16;;;47.913406;;;48.118755;7.175395;;;;;
2013-03-06 08:24:31;;;;;;;8.585377;;;;;
2013-03-06 08:24:46;;;;;;;10.105633;51.58262;763.08795;;;
2013-03-06 08:25:01;;;;;;;11.073848;257.49484;879.7012;;;
2013-03-06 08:25:16;;;;;;;11.860073;453.76453;;;;
2013-03-06 08:25:31;;;;;;;;597.1492;;;;
2013-03-06 08:25:46;;;;;;;12.498468;736.86395;1053.8563;;;
2013-03-06 08:26:01;;;;;;;;1044.0543;1439.5537;;;
2013-03-06 08:26:16;Авария;;;;;;;1333.1256;1201.0792;;;
2013-03-06 08:26:35;;;48.020496;;;48.222767;;1159.5815;606.70825;;;
2013-03-06 08:26:46;;;;;;;;1017.8069;471.82837;;;
2013-03-06 08:27:01;;;;;;;;867.7432;374.26196;;;
2013-03-06 08:27:16;;;;;;;;747.6097;310.06158;;;
2013-03-06 08:27:32;;;;;;;11.763628;645.4559;;;;
2013-03-06 08:27:46;;;;;;;;572.8368;229.87651;;;
2013-03-06 08:28:01;;;;;;;10.973671;508.29205;;;;
2013-03-06 08:28:16;;;;;;;;454.13565;;;;
2013-03-06 08:28:31;;;;;;;10.399572;;160.23956;;;
2013-03-06 08:28:46;;;;;;;;368.80502;;;;
2013-03-06 08:29:16;;;;;;;9.78414;304.64676;;;;
2013-03-06 08:29:31;;;;;;;;;99.24551;;;
2013-03-06 08:29:46;;;;;;;;254.4447;;;;
2013-03-06 08:30:01;;;47.882805;;;48.07899;;;;;;
2013-03-06 08:30:16;;;;;;;9.1824875;;;;;
2013-03-06 08:30:33;;;47.781837;;;47.974976;;195.45544;;;;
2013-03-06 08:31:01;;;47.677803;;;47.87402;;;47.00281;;;
2013-03-06 08:31:16;;;;;;;;;;;-3.9922729;
2013-03-06 08:31:31;;;;;;;;141.14175;;;;
2013-03-06 08:31:46;;;47.573772;;;47.773064;8.663305;;;;;
2013-03-06 08:32:31;;;47.472794;;;47.669052;;;;;;
2013-03-06 08:33:01;;;;;;;;85.978004;;;;
2013-03-06 08:33:16;;;;;;47.568096;;;;;;
2013-03-06 08:33:31;;;47.37182;;;;;;;;;
2013-03-06 08:34:31;;;;;;47.46714;;;;;;
2013-03-06 08:34:46;;;47.27085;;;;;;;;;
2013-03-06 08:35:46;;;;;;;;35.662537;;;;
2013-03-06 08:36:02;В резерве;;;;;;;;;;;
2013-03-06 08:36:16;;;47.169876;;;47.366184;;;;;;
2013-03-06 08:38:31;;;47.0689;;;47.26523;;;;;;
2013-03-06 08:41:46;;;;;;47.161213;;;;;;
2013-03-06 08:42:16;;;46.967926;;;;;;;;;
2013-03-06 08:45:16;;;;;;;8.084814;;;;;
2013-03-06 08:46:01;;;46.86696;;;;;;;;;
2013-03-06 08:46:16;;;;;;47.06027;;;;;;
2013-03-06 08:51:46;;;;;;46.95931;;;;;;
2013-03-06 08:52:02;;;46.765984;;;;;;;;;
2013-03-06 08:59:01;;;46.665005;;;46.858353;;;;;;
2013-03-06 09:04:01;;;47.925644;;;48.097332;;;;;;
2013-03-06 09:04:31;;;;;;;;;159.57501;;;
2013-03-06 09:04:46;;;;;;;;115.64229;849.028;;;
2013-03-06 09:05:01;;;;;;;;326.47327;;;;
2013-03-06 09:05:16;;;;;;;;505.16098;;;;
2013-03-06 09:05:33;;;;;;;;657.60443;925.6054;;;
2013-03-06 09:05:46;;;;;;;;862.3905;1328.7926;;;
2013-03-06 09:06:01;;;;;;;;1363.8527;1491.8448;50.78574;65.00546;
2013-03-06 09:06:16;;;;;;48.19829;;2425.6174;1628.7761;409.24265;268.5598;
2013-03-06 09:06:31;;;;;;48.366554;;3344.5618;1783.0054;714.15625;279.44647;
2013-03-06 09:06:46;;;;;;48.64188;7.529088;4027.512;1971.6342;1024.7784;256.20813;
2013-03-06 09:07:01;;;;;;48.98452;;4486.2344;2336.3623;1291.5314;;
2013-03-06 09:07:16;;;;;;49.152775;6.587569;4602.144;2456.586;1385.1842;229.23732;
2013-03-06 09:08:01;;;;;;;6.071743;;;;;
2013-03-06 09:12:17;;;;;;49.529064;;4971.093;2780.2585;1636.7942;256.78265;
2013-03-06 09:12:31;;;;;;50.046074;;5269.8525;3083.6863;1887.8911;269.94092;
2013-03-06 09:12:46;;;;;;50.691574;;5569.983;3409.403;2186.6367;288.56775;
2013-03-06 09:13:02;;;;;;51.575695;;5867.7554;3757.2297;2537.4646;311.57104;
2013-03-06 09:13:16;;;;;;52.771843;6.8400726;6166.513;4115.3;2936.2527;341.4441;
2013-03-06 09:13:31;;;;;;54.5378;7.4693813;6463.873;4491.812;3392.8054;376.6422;
2013-03-06 09:13:46;;;47.82467;;;56.712154;8.263931;6715.5654;4840.437;3847.249;421.01154;
2013-03-06 09:14:01;;;;;;57.82571;9.539862;6829.724;4994.7695;4062.6548;441.23343;
2013-03-06 09:14:16;;;;;;58.13776;11.051352;;;;;
2013-03-06 09:14:32;;;;;;;12.585632;;;;453.67883;
2013-03-06 09:14:46;;;;;;;13.8028145;;;;;
2013-03-06 09:15:01;;;;;;;14.918856;;;;;
2013-03-06 09:15:16;;;;;;;15.79608;;;;;
2013-03-06 09:15:31;;;;;;;16.627373;;;;;
2013-03-06 09:15:46;;;;;;;17.297905;;;;;
2013-03-06 09:16:01;;;;;;58.03069;17.93172;;;;;
2013-03-06 09:16:31;;;;;;;18.99265;;;;;
2013-03-06 09:16:46;;;;;;;19.507042;;;;;
2013-03-06 09:17:16;;;;;;;20.388855;;;;;
2013-03-06 09:17:46;;;;;;;21.018063;;;;;
2013-03-06 09:18:16;;;;;;;21.739128;;;;;
2013-03-06 09:18:46;;;;;;;22.349968;;;;;
2013-03-06 09:19:16;;;;;;;22.914879;;;;;
2013-03-06 09:20:11;;;47.82161;;;57.94809;23.116962;6813.2686;4994.5156;4101.664;454.44653;
2013-03-06 09:20:38;;;47.82161;;;57.91444;;6813.3735;4987.536;4101.246;453.39093;
2013-03-06 09:20:39;;;;;;;24.007961;;;;;
2013-03-06 09:21:16;;;;;;;24.641762;;;;;
2013-03-06 09:22:31;;;;;;;25.215332;;;;;
2013-03-06 09:23:33;;;;;;57.798187;25.815514;;;;;
2013-03-06 09:24:16;В работе;;;;;;;;;;;
2013-03-06 09:24:46;;;;;;;26.342392;;;;;
2013-03-06 09:26:01;;;;;;;26.850945;;;;;
2013-03-06 09:28:16;;;;;;;27.409897;;;;;
2013-03-06 09:30:46;;;;;;;27.932194;;;;;
2013-03-06 09:34:16;;;;;;;28.44991;;;;;
2013-03-06 09:39:31;;;;;;;29.01344;;;;;
2013-03-06 09:54:17;;;;;;;29.51741;;;;;
2013-03-06 10:00:11;;;47.85527;;;57.71253;29.627365;6839.171;4965.376;4098.4546;446.70508;
2013-03-06 10:00:36;;;47.85527;;;57.70947;29.627365;6842.5547;4965.515;4101.132;447.8247;
2013-03-06 10:04:02;;;47.85527;;;57.715584;29.746487;6842.925;4970.758;4098.5874;447.8567;
2013-03-06 10:04:18;;;47.85527;;;57.715584;29.746487;6844.089;4970.6743;4098.17;447.8247;
2013-03-06 10:55:16;;;;;;57.59016;;;;;;
2013-03-06 11:05:31;;;47.751236;;;;;;;;;
2013-03-06 11:32:46;;;;;;56.822292;;6763.341;4844.305;3931.0613;;
2013-03-06 11:33:01;;;;;;55.38139;;6582.76;4612.408;3620.3738;417.8783;
2013-03-06 11:33:16;;;;;;54.127674;;6401.2764;4380.3945;3324.512;393.47653;
2013-03-06 11:33:31;;;;;;53.102257;29.169212;6221.081;4151.7646;3051.6206;373.9422;
2013-03-06 11:33:46;;;;;;52.273205;28.44991;6041.048;3935.3435;2807.144;353.2249;
2013-03-06 11:34:01;;;;;;51.5604;27.675629;5859.6753;3723.6873;2568.5095;334.29407;
2013-03-06 11:34:16;;;;;;50.982204;26.749008;5679.8955;3514.4976;2351.5452;317.68744;
2013-03-06 11:34:39;;;;;;50.28776;25.394123;5416.028;3217.696;2068.7983;294.78937;
2013-03-06 11:34:46;;;;;;50.11644;;5319.8984;3120.7622;1976.4331;;
2013-03-06 11:35:01;;;;;;49.773808;24.090637;5140.3604;2935.1814;1817.715;276.19196;
2013-03-06 11:35:16;;;;;;49.498474;23.268524;4959.4497;2762.4785;1673.5741;265.56155;
2013-03-06 11:35:31;;;;;;49.256798;22.352264;4778.941;2596.7302;1545.197;;
2013-03-06 11:35:46;В резерве;;;;;49.088535;21.537048;4598.008;2441.6567;1426.2802;248.42004;
2013-03-06 11:36:01;;;;;;;20.820576;;;;;
2013-03-06 11:36:16;;;;;;;20.186832;;;;;
2013-03-06 11:36:31;;;;;;;19.543785;;;;;
2013-03-06 11:36:46;Авария;;46.949192;;;47.939323;18.914574;3492.5032;1721.003;1005.59216;122.358086;
2013-03-06 11:37:01;;;47.43607;;;;;2506.2383;1136.4254;793.0006;62.635612;
2013-03-06 11:37:16;;;26.802643;;;27.189533;17.973152;1925.3108;842.26074;533.93207;49.13903;
2013-03-06 11:37:31;;;15.257408;;;15.54458;17.243595;1549.783;665.10626;420.7854;;
2013-03-06 11:37:46;;;8.885241;;;9.088833;16.016548;1288.7333;544.0741;350.37558;38.39286;
2013-03-06 11:38:01;;;5.168159;;;5.3517933;14.161842;1097.5973;458.012;298.54135;;
2013-03-06 11:38:16;;;2.9282613;;;3.0878234;12.337723;952.27747;393.33884;;;
2013-03-06 11:38:31;;;1.5273658;;;1.6897511;10.510193;838.9309;;221.59473;;
2013-03-06 11:38:46;;;0.703754;;;0.8596459;8.934477;747.38306;303.8903;;;
2013-03-06 11:39:13;;;0.1927674;;;0.3376634;7.8643613;668.1922;;171.20813;;
2013-03-06 11:39:16;;;-0.0091794;;;0.1651989;7.2213717;610.35736;245.86032;;;
2013-03-06 11:39:31;;;;;;;;554.6641;;;;
2013-03-06 11:39:46;;;-0.1101528;;;0.0581255;;;;117.48596;;
2013-03-06 11:40:01;;;;;;;;471.8193;183.61832;;;
2013-03-06 11:40:31;;;;;;;;408.52863;;;;
2013-03-06 11:40:48;;;;;;;8.084812;;;;;
2013-03-06 11:41:01;;;;;;;;;;59.72439;;
2013-03-06 11:41:16;;;;;;;8.9069195;339.54477;128.87016;;;
2013-03-06 11:41:31;;;;;;;9.435089;;;;;
2013-03-06 11:42:01;;;;;;;10.261787;288.72635;;0.0;;
2013-03-06 11:42:31;;;;;;;11.106857;;;;;
2013-03-06 11:43:01;;;;;;;11.800367;236.34981;;;;
2013-03-06 11:43:16;;;;;;;;;72.92529;;;
2013-03-06 11:43:31;;;;;;;12.427277;;;;;
2013-03-06 11:44:31;;;;;;;13.219534;185.38792;;;;
2013-03-06 11:45:24;;;;;;;;;;;48.660713;
2013-03-06 11:45:31;;;;;;;13.931414;;;;;
2013-03-06 11:47:01;;;;;;;14.519289;135.20377;;;;
2013-03-06 11:48:46;;;;;;;;;22.402111;;;
2013-03-06 11:49:01;;;;;;;15.024494;;;;;
2013-03-06 11:51:01;;;;;;;;85.04379;;;;
2013-03-06 11:51:46;В резерве;;;;;;;;;;;
2013-03-06 11:52:46;;;;;;;;;;;59.02999;
2013-03-06 11:54:46;;;;;;;15.534292;;;;;
2013-03-06 12:00:46;;;;;;;;34.500336;;;;
2013-03-06 12:02:32;;;-0.1101528;;;0.0581255;15.800673;32.42199;0.0;0.0;67.48564;
2013-03-06 12:50:40;;;-0.1101528;;;0.0581255;16.710041;0.0;0.0;0.0;48.4375;
2013-03-06 13:19:32;;;;;;;17.23362;;;;;
2013-03-06 13:33:16;;;;;;;;;;;38.39286;
2013-03-06 15:34:01;;;;;;;;;;;28.093113;
2013-03-06 15:41:31;;;;;;;16.73301;;;;;
2013-03-06 16:43:46;;;;;;;16.227802;;;;;
2013-03-06 17:50:31;;;;;;;15.727188;;;;;
2013-03-06 18:17:46;;;;;;;15.208206;;;;;
2013-03-06 18:36:19;;;-0.1438106;;;0.0581255;15.088842;0.0;0.0;0.0;20.695152;
2013-03-06 18:36:26;;;-0.1438106;;;0.0581255;;0.0;0.0;0.0;20.695152;
2013-03-06 18:36:27;;;;;;;15.097979;;;;;
2013-03-06 19:16:16;;;;;;;14.560625;;;;;
2013-03-06 19:56:46;;;;;;;14.045086;;;;;
2013-03-06 20:42:01;;;;;;;13.5134735;;;;;
2013-03-06 21:22:19;;;;;;;12.99449;;;;;
2013-03-06 22:20:01;;;;;;;12.493877;;;;;
2013-03-06 23:38:46;;;;;;;11.984079;;;;;
2013-03-07 00:01:48;;;;;;;;;;;10.522959;
2013-03-07 00:37:24;;;;;;;11.473131;;;;;
2013-03-07 01:23:34;;;;;;;10.923542;;;;;
2013-03-07 02:11:31;;;;;;;10.417942;;;;;
2013-03-07 02:58:49;;;;;;;9.908146;;;;;
2013-03-07 03:58:16;;;;;;;9.398348;;;;;
2013-03-07 05:08:46;;;;;;;8.893143;;;;;
2013-03-07 06:18:46;;;;;;;8.374159;;;;;
2013-03-07 07:02:31;;;;;;;;;;;0.5102041;
2013-03-07 07:25:46;;;;;;;7.8689528;;;;;
2013-03-07 08:21:01;;;;;;;7.331697;;;;;
2013-03-07 09:12:31;;;;;;;6.8126154;;;;;
2013-03-07 10:08:02;;;;;;;6.2936316;;;;;
2013-03-07 11:00:47;;;;;;;5.756384;;;;;
2013-03-07 11:57:31;;;;;;;5.200551;;;;;
2013-03-07 13:03:17;;;-0.1407508;;;0.0581255;4.970912;0.0;0.0;0.0;3.6989794;
2013-03-07 13:44:18;;;-0.1407508;;;0.0550663;;0.0;0.0;0.0;3.4438772;
2013-03-07 13:44:19;;;;;;;4.745867;;;;;
2013-03-07 15:27:01;;;;;;;4.231476;;;;;
2013-03-07 18:26:46;;;;;;;3.7308636;;;;;
2013-03-07 22:29:31;;;;;;;4.2590322;;;;;
2013-03-07 23:36:16;;;;;;;4.7688303;;;;;
2013-03-08 00:32:01;;;;;;;5.2694416;;;;;
2013-03-08 01:16:49;;;;;;;5.7699566;;;;;
2013-03-08 01:47:31;;;;;;;6.279853;;;;;
2013-03-08 02:20:16;;;;;;;6.7850575;;;;;
2013-03-08 02:56:31;;;;;;;7.321624;;;;;
2013-03-08 03:55:01;;;;;;;7.8276176;;;;;
2013-03-08 04:31:32;;;-0.137691;;;0.0489478;7.937894;0.0;0.0;0.0;8.482143;
2013-03-08 07:09:39;;;-0.1346312;;;0.0489478;;0.0;0.0;0.0;10.427296;
2013-03-08 07:09:40;;;;;;;8.098593;;;;;
2013-03-08 09:50:01;;;;;;;8.6267605;;;;;
2013-03-08 22:02:01;;;;;;;8.126148;;;;;
2013-03-08 23:35:16;;;;;;;7.620943;;;;;
2013-03-09 01:21:01;;;;;;;7.120331;;;;;
2013-03-09 02:29:16;;;;;;;6.5829763;;;;;
2013-03-09 03:41:01;;;;;;;6.0548077;;;;;
2013-03-09 05:20:01;;;;;;;5.535824;;;;;
2013-03-09 07:11:01;;;;;;;5.026026;;;;;
2013-03-09 15:27:04;;;;;;;5.526638;;;;;
2013-03-09 20:08:46;;;;;;;5.012248;;;;;
2013-03-09 21:44:16;;;;;;;4.511635;;;;;
2013-03-10 06:02:31;;;;;;;3.9788733;;;;;
2013-03-10 08:07:46;;;;;;;3.4690752;;;;;
2013-03-10 11:29:46;;;;;;;4.0202084;;;;;
2013-03-10 12:33:04;;;;;;;4.6126757;;;;;
2013-03-10 13:13:01;;;;;;;5.133956;;;;;
2013-03-10 13:56:01;;;;;;;5.6782;;;;;
2013-03-10 14:20:16;;;;;;;6.215357;;;;;
2013-03-10 14:55:16;;;;;;;6.7253523;;;;;
2013-03-10 16:04:01;;;;;;;7.240891;;;;;
2013-03-10 17:01:31;;;;;;;7.7449474;;;;;
2013-03-10 18:39:16;;;;;;;8.291487;;;;;
2013-03-10 23:12:17;;;-0.1254518;;;0.0367109;8.2501545;0.0;0.0;0.0;11.543367;
2013-03-10 23:12:24;;;-0.1254518;;;0.0367109;8.2501545;0.0;0.0;0.0;11.543367;
2013-03-11 05:30:01;;;;;;;8.750711;;;;;
2013-03-11 07:17:46;;;;;;;9.323141;;;;;
2013-03-11 12:43:16;;;;;;;9.830067;;;;;
2013-03-11 13:47:16;;;;;;;10.3490505;;;;;
2013-03-11 15:30:31;;;;;;;10.884827;;;;;
2013-03-11 15:38:02;;;-0.1254518;;;0.064244;10.918554;0.0;0.0;0.0;14.253826;
2013-03-11 15:38:09;;;-0.1254518;;;0.064244;10.918554;0.0;0.0;0.0;14.253826;
2013-03-11 16:35:16;;;;;;;11.423759;;;;;
2013-03-11 20:40:46;;;;;;;10.913963;;;;;
2013-03-11 21:59:31;;;;;;;10.390387;;;;;
2013-03-11 23:12:46;;;;;;;9.862217;;;;;
2013-03-12 00:16:46;;;;;;;9.326584;;;;;
2013-03-12 01:19:01;;;;;;;8.8104725;;;;;
2013-03-12 02:34:46;;;;;;;8.30986;;;;;
2013-03-12 03:27:17;;;-0.1254518;;;0.0550663;8.208818;0.0;0.0;0.0;5.2295923;
2013-03-12 03:28:50;;;-0.1254518;;;0.0550663;8.213411;0.0;0.0;0.0;5.2295923;
2013-03-12 07:13:46;;;;;;;8.7186165;;;;;
2013-03-12 10:23:32;;;-0.1254518;;;0.052007;9.113594;0.0;0.0;0.0;6.154337;
2013-03-12 10:24:09;;;-0.1254518;;;0.052007;9.113594;0.0;0.0;0.0;6.154337;
2013-03-12 11:36:02;;;-0.1254518;;;0.052007;9.42131;0.0;0.0;0.0;7.780612;
2013-03-12 11:37:39;;;-0.1254518;;;0.052007;9.42131;0.0;0.0;0.0;7.780612;
2013-03-12 13:26:01;;;;;;;9.931108;;;;;
2013-03-12 18:17:16;;;;;;;10.431721;;;;;
2013-03-12 23:56:16;;;;;;;9.89896;;;;;
2013-03-13 01:53:16;;;;;;;9.398348;;;;;
2013-03-13 03:41:02;;;-0.1254518;;;0.0305924;9.035519;0.0;0.0;0.0;8.195152;
2013-03-13 03:43:20;;;-0.1254518;;;0.0305924;;0.0;0.0;0.0;8.195152;
2013-03-13 03:43:21;;;;;;;8.984997;;;;;
2013-03-13 07:41:46;;;-0.1254518;;;0.0367109;8.916105;0.0;0.0;0.0;4.974489;
2013-03-13 07:41:53;;;-0.1254518;;;0.0367109;9.021738;0.0;0.0;0.0;4.974489;
2013-03-13 10:06:46;;;;;;;9.536129;;;;;
2013-03-13 10:47:31;;;;;;;10.036741;;;;;
2013-03-13 11:19:46;;;;;;;10.541946;;;;;
2013-03-13 12:08:01;;;;;;;11.088488;;;;;
2013-03-13 12:40:46;;;;;;;11.602879;;;;;
2013-03-13 13:15:01;;;;;;;12.140232;;;;;
2013-03-13 13:42:31;;;;;;;;;;;15.210459;
2013-03-13 13:52:31;;;;;;;12.65003;;;;;
2013-03-13 14:36:31;;;;;;;13.224127;;;;;
2013-03-13 15:21:46;;;;;;;13.756889;;;;;
2013-03-13 16:24:31;;;;;;;14.298836;;;;;
2013-03-13 17:27:02;;;-0.1254518;;;0.0550663;14.620331;0.0;0.0;0.0;12.978317;
2013-03-13 17:27:09;;;-0.1254518;;;0.0550663;;0.0;0.0;0.0;12.978317;
2013-03-13 17:27:10;;;;;;;14.629517;;;;;
2013-03-13 19:37:46;;;;;;;14.115126;;;;;
2013-03-13 21:15:16;;;;;;;13.554831;;;;;
2013-03-13 22:45:16;;;;;;;13.026638;;;;;
2013-03-14 00:38:31;;;;;;;12.526421;;;;;
2013-03-14 06:16:24;;;;;;;12.0254135;;;;;
2013-03-14 09:12:02;;;-0.122392;;;0.0458886;12.204531;0.0;0.0;0.0;11.830357;
2013-03-14 09:12:31;;;-0.122392;;;0.0458886;12.204531;0.0;0.0;0.0;11.830357;
2013-03-14 09:40:02;;;-0.122392;;;0.0458886;12.3055725;0.0;0.0;0.0;13.20153;
2013-03-14 09:40:13;;;-0.122392;;;0.0458886;12.356092;0.0;0.0;0.0;13.20153;
2013-03-14 11:21:31;;;;;;;12.856705;;;;;
2013-03-14 12:02:01;;;;;;;13.398653;;;;;
2013-03-14 12:34:16;;;;;;;13.913042;;;;;
2013-03-14 13:02:46;;;;;;;14.418247;;;;;
2013-03-14 13:34:46;;;;;;;14.918861;;;;;
2013-03-14 14:16:16;;;;;;;15.447029;;;;;
2013-03-14 15:03:17;;;;;;;16.021126;;;;;
2013-03-14 16:03:01;;;;;;;16.535515;;;;;
2013-03-14 17:02:16;;;;;;;17.049908;;;;;
2013-03-14 19:45:16;;;;;;;16.526531;;;;;
2013-03-14 21:00:16;;;;;;;16.025719;;;;;
2013-03-14 21:53:01;;;;;;;15.502144;;;;;
2013-03-14 23:09:46;;;;;;;14.992346;;;;;
2013-03-14 23:25:17;;;-0.122392;;;0.0458886;14.937231;0.0;0.0;0.0;12.946428;
2013-03-14 23:25:25;;;-0.122392;;;0.0458886;14.836191;0.0;0.0;0.0;12.595663;
2013-03-15 00:25:16;;;;;;;14.312614;;;;;
2013-03-15 03:02:17;;;-0.122392;;;0.0458886;14.128904;0.0;0.0;0.0;11.702806;
2013-03-15 03:02:26;;;-0.122392;;;0.0458886;14.128904;0.0;0.0;0.0;11.702806;
2013-03-15 03:35:25;;;-0.122392;;;0.0458886;14.124311;0.0;0.0;0.0;10.905613;
2013-03-15 03:35:32;;;-0.122392;;;0.0458886;14.124311;0.0;0.0;0.0;10.905613;
2013-03-15 16:35:47;;;-0.122392;;;0.0458886;13.913042;0.0;0.0;0.0;13.520409;
2013-03-15 16:36:02;;;-0.122392;;;0.0458886;;0.0;0.0;0.0;13.520409;
2013-03-15 16:36:03;;;;;;;13.812002;;;;;
2013-03-16 01:10:04;;;;;;;13.297611;;;;;
2013-03-16 11:13:01;;;;;;;13.812002;;;;;
2013-03-16 12:06:16;;;;;;;14.312614;;;;;
2013-03-16 12:48:31;;;;;;;14.836191;;;;;
2013-03-16 14:46:31;;;;;;;15.336803;;;;;
2013-03-16 19:48:46;;;;;;;15.8466015;;;;;
2013-03-16 23:55:16;;;;;;;16.34721;;;;;
2013-03-17 02:33:47;;;-0.122392;;;0.0428293;16.733006;0.0;0.0;0.0;18.75;
2013-03-17 02:33:56;;;-0.122392;;;0.0428293;16.733006;0.0;0.0;0.0;18.75;
2013-03-17 06:14:01;;;;;;;17.25658;;;;;
2013-03-17 08:18:46;;;;;;;17.780159;;;;;
2013-03-17 10:07:01;;;;;;;18.317513;;;;;
2013-03-17 11:11:16;;;;;;;18.82272;;;;;
2013-03-17 12:11:01;;;;;;;19.360073;;;;;
2013-03-17 12:58:16;;;;;;;19.860683;;;;;
2013-03-17 13:44:46;;;;;;;20.448559;;;;;
2013-03-17 14:30:16;;;;;;;20.985916;;;;;
2013-03-17 15:09:31;;;;;;;21.495716;;;;;
2013-03-17 15:56:01;;;;;;;22.02388;;;;;
2013-03-17 16:36:01;;;;;;;22.529087;;;;;
2013-03-17 18:05:02;;;-0.122392;;;0.0428293;22.956215;0.0;0.0;0.0;21.588009;
2013-03-17 18:05:10;;;-0.122392;;;0.0428293;;0.0;0.0;0.0;21.619896;
2013-03-17 18:05:11;;;;;;;22.956215;;;;;
2013-03-17 21:45:01;;;;;;;22.441826;;;;;
2013-03-18 04:12:01;;;;;;;22.951622;;;;;
2013-03-18 05:26:17;;;-0.122392;;;0.0428293;23.080223;0.0;0.0;0.0;18.654339;
2013-03-18 05:26:33;;;-0.122392;;;0.0428293;23.084816;0.0;0.0;0.0;18.654339;
2013-03-18 06:16:02;;;-0.122392;;;0.0428293;23.195042;0.0;0.0;0.0;18.622448;
2013-03-18 06:17:20;;;-0.122392;;;0.0428293;;0.0;0.0;0.0;18.622448;
2013-03-18 06:17:21;;;;;;;23.162891;;;;;
2013-03-18 08:24:01;;;;;;;23.672688;;;;;
2013-03-18 09:15:16;;;;;;;24.173298;;;;;
2013-03-18 09:58:31;;;;;;;24.679653;;;;;
2013-03-18 10:39:19;;;;;;;25.224495;;;;;
2013-03-18 11:13:31;;;;;;;25.760536;;;;;
2013-03-18 11:41:01;;;;;;;26.264507;;;;;
2013-03-18 12:06:01;;;;;;;26.800549;;;;;
2013-03-18 12:33:46;;;;;;;27.33659;;;;;
2013-03-18 13:00:31;;;;;;;27.849724;;;;;
2013-03-18 13:32:18;;;;;;;28.358276;;;;;
2013-03-18 14:09:46;;;;;;;28.880573;;;;;
2013-03-18 14:50:16;;;;;;;29.398289;;;;;
2013-03-18 15:23:01;;;;;;;29.938911;;;;;
2013-03-18 15:58:31;;;;;;;30.484116;;;;;
2013-03-18 17:06:16;;;;;;;31.001835;;;;;
2013-03-18 20:40:01;;;;;;;30.479538;;;;;
2013-03-18 21:54:01;;;;;;;;;;;8.418367;
2013-03-18 22:04:17;;;;;;;29.975567;;;;;
2013-03-18 23:12:46;;;;;;;29.448689;;;;;
2013-03-19 01:37:47;;;-0.1193322;;;0.0428293;29.054672;0.0;0.0;0.0;7.971938;
2013-03-19 01:37:59;;;-0.1193322;;;0.0428293;;0.0;0.0;0.0;7.9609776;
2013-03-19 01:38:00;;;;;;;29.054672;;;;;
2013-03-19 04:58:31;;;;;;;28.546124;;;;;
2013-03-19 06:23:31;;;;;;;27.964264;;;;;
2013-03-19 07:12:51;;;;;;;27.45342;;;;;
2013-03-19 08:01:16;;;;;;;26.95174;;;;;
2013-03-19 08:16:47;;;-0.1193322;;;0.0428293;26.782223;0.0;0.0;0.0;4.304847;
2013-03-19 08:17:39;;;-0.1193322;;;0.0428293;26.782223;0.0;0.0;0.0;4.304847;
2013-03-19 08:42:16;;;;;;;26.159157;;;;;
2013-03-19 08:59:46;;;;;;;25.586441;;;;;
2013-03-19 09:11:46;;;;;;;25.059563;;;;;
2013-03-19 09:28:01;;;;;;;24.559093;;;;;
2013-03-19 09:38:01;;;;;;;24.049297;;;;;
2013-03-19 09:52:46;;;;;;;23.548683;;;;;
2013-03-19 10:02:01;;;;;;;23.048073;;;;;
2013-03-19 10:17:31;;;;;;;22.460197;;;;;
2013-03-19 10:31:01;;;;;;;21.941212;;;;;
2013-03-19 10:46:34;;;;;;;21.413044;;;;;
2013-03-19 11:00:16;;;;;;;20.861912;;;;;
2013-03-19 11:18:31;;;;;;;20.34293;;;;;
2013-03-19 11:35:46;;;;;;;19.828537;;;;;
2013-03-19 11:54:46;;;;;;;19.249847;;;;;
2013-03-19 12:13:46;;;;;;;18.749237;;;;;
2013-03-19 12:34:16;;;;;;;18.230251;;;;;
2013-03-19 12:53:31;;;;;;;17.725048;;;;;
2013-03-19 13:16:01;;;;;;;17.219841;;;;;
2013-03-19 13:43:31;;;;;;;16.719227;;;;;
2013-03-19 14:07:16;;;;;;;16.218616;;;;;
2013-03-19 14:45:16;;;;;;;15.649113;;;;;
2013-03-19 15:19:16;;;;;;;15.107164;;;;;
2013-03-19 15:58:46;;;;;;;14.565218;;;;;
2013-03-19 16:31:01;;;;;;;14.060013;;;;;
2013-03-19 17:08:01;;;;;;;13.559401;;;;;
2013-03-19 17:42:31;;;;;;;13.026638;;;;;
2013-03-19 18:31:46;;;;;;;12.521433;;;;;
2013-03-19 19:03:32;;;;;;;11.924374;;;;;
2013-03-19 19:51:16;;;;;;;11.400797;;;;;
2013-03-19 21:36:46;;;;;;;;;;;14.349489;
2013-03-19 21:44:31;;;;;;;10.845072;;;;;
2013-03-19 23:39:01;;;;;;;10.335274;;;;;
2013-03-20 02:27:01;;;;;;;10.835884;;;;;
2013-03-20 05:10:01;;;;;;;11.336498;;;;;
2013-03-20 06:41:01;;;;;;;11.85548;;;;;
2013-03-20 08:03:17;;;-0.1438106;;;0.0428293;11.901409;0.0;0.0;0.0;5.7397957;
2013-03-20 08:04:09;;;-0.1438106;;;0.0428293;11.901409;0.0;0.0;0.0;5.7397957;
2013-03-20 08:49:47;;;-0.1101528;;;0.0428293;11.947336;0.0;0.0;0.0;5.8035707;
2013-03-20 08:49:54;;;-0.1101528;;;0.0428293;12.0254135;0.0;0.0;0.0;5.8035707;
2013-03-20 09:21:32;;;-0.1162724;;;0.0428293;12.034599;0.0;0.0;0.0;5.8035717;
2013-03-20 09:21:56;;;-0.1162724;;;0.0428293;12.034599;0.0;0.0;0.0;5.8035717;
2013-03-20 10:10:17;;;-0.1162724;;;0.0428293;12.121862;0.0;0.0;0.0;6.505102;
2013-03-20 10:14:30;;;-0.1162724;;;0.0428293;12.121862;0.0;0.0;0.0;6.505102;
2013-03-20 11:13:16;;;-0.1193322;;;0.0428293;12.346907;0.0;0.0;0.0;7.589286;
2013-03-20 11:13:26;;;-0.1193322;;;0.0428293;12.346907;0.0;0.0;0.0;7.589286;
2013-03-20 11:34:16;;;-0.15299;;;0.0428293;12.406612;0.0;0.0;0.0;7.940051;
2013-03-20 11:34:26;;;-0.1193322;;;0.0428293;;0.0;0.0;0.0;7.940051;
2013-03-20 11:34:27;;;;;;;12.431873;;;;;
2013-03-20 12:58:01;;;;;;;12.934782;;;;;
2013-03-20 14:03:16;;;;;;;13.439989;;;;;
2013-03-20 14:53:32;;;;;;;14.037048;;;;;
2013-03-20 15:42:31;;;;;;;14.551439;;;;;
2013-03-20 16:31:46;;;;;;;15.061237;;;;;
2013-03-20 21:35:33;;;;;;;14.551439;;;;;
2013-03-20 22:30:16;;;;;;;14.02327;;;;;
2013-03-20 23:51:31;;;;;;;13.522657;;;;;
2013-03-21 06:28:08;;;;;;;13.003698;;;;;
2013-03-21 09:31:17;;;-0.122392;;;0.0152962;13.334354;0.0;0.0;0.0;12.117346;
2013-03-21 09:31:24;;;-0.122392;;;0.0489478;;0.0;0.0;0.0;11.941965;
2013-03-21 09:31:25;;;;;;;13.315983;;;;;
2013-03-21 09:55:32;;;-0.122392;;;0.0489478;13.41243;0.0;0.0;0.0;12.021685;
2013-03-21 09:56:58;;;-0.122392;;;0.0152962;;0.0;0.0;0.0;12.053572;
2013-03-21 09:56:59;;;;;;;13.417023;;;;;
2013-03-21 11:34:46;;;;;;;12.916412;;;;;
2013-03-21 11:37:02;;;-0.122392;;;0.0458886;12.911819;0.0;0.0;0.0;15.369898;
2013-03-21 11:37:09;;;-0.122392;;;0.0458886;;0.0;0.0;0.0;15.369898;
2013-03-21 11:37:10;;;;;;;12.921005;;;;;
2013-03-21 16:16:01;;;;;;;12.420393;;;;;
2013-03-21 17:30:01;;;;;;;11.906002;;;;;
2013-03-21 19:08:46;;;;;;;11.32272;;;;;
2013-03-21 21:15:46;;;;;;;10.817514;;;;;
2013-03-22 06:11:01;;;;;;;11.327309;;;;;
2013-03-22 08:06:17;;;-0.1254518;;;0.0367109;11.740662;0.0;0.0;0.0;19.61097;
2013-03-22 08:06:52;;;-0.1254518;;;0.0367109;11.740662;0.0;0.0;0.0;19.61097;
2013-03-22 08:41:17;;;-0.1254518;;;0.0367109;11.85548;0.0;0.0;0.0;19.61097;
2013-03-22 08:42:56;;;-0.1254518;;;0.0367109;;0.0;0.0;0.0;19.61097;
2013-03-22 08:42:57;;;;;;;11.850887;;;;;
2013-03-22 09:31:02;;;-0.1254518;;;0.0367109;11.850887;0.0;0.0;0.0;19.961735;
2013-03-22 09:31:22;;;-0.1254518;;;0.0367109;;0.0;0.0;0.0;19.961735;
2013-03-22 09:31:23;;;;;;;11.850887;;;;;
2013-03-22 10:11:47;;;-0.1254518;;;0.0367109;11.915186;0.0;0.0;0.0;20.121174;
2013-03-22 10:12:13;;;-0.1254518;;;0.0367109;;0.0;0.0;0.0;20.47194;
2013-03-22 10:12:14;;;;;;;11.906;;;;;
2013-03-22 10:31:47;;;-0.1254518;;;0.0367109;11.88763;0.0;0.0;0.0;20.47194;
2013-03-22 10:32:16;;;-0.1254518;;;0.0367109;;0.0;0.0;0.0;20.47194;
2013-03-22 10:32:18;;;;;;;11.942743;;;;;
2013-03-22 16:20:01;;;;;;;11.432945;;;;;
2013-03-22 18:32:31;;;;;;;10.904778;;;;;
2013-03-22 20:39:01;;;;;;;10.404165;;;;;
2013-03-22 22:15:16;;;;;;;9.880587;;;;;
2013-03-23 00:17:01;;;;;;;9.33864;;;;;
2013-03-23 02:12:31;;;;;;;8.824251;;;;;
2013-03-23 03:56:46;;;;;;;8.291489;;;;;
2013-03-23 05:30:46;;;;;;;7.7908754;;;;;
2013-03-23 06:56:46;;;;;;;7.2856703;;;;;
2013-03-23 08:18:46;;;;;;;6.785058;;;;;
2013-03-23 08:30:01;;;-0.1254518;;;0.0367109;6.697796;0.0;0.0;0.0;17.283165;
2013-03-23 08:30:08;;;-0.1254518;;;0.0367109;6.748316;0.0;0.0;0.0;17.283165;
2013-03-23 09:08:02;;;-0.1254518;;;0.0367109;6.592161;0.0;0.0;0.0;17.88903;
2013-03-23 09:08:10;;;-0.1254518;;;0.0367109;6.5370483;0.0;0.0;0.0;17.88903;
2013-03-23 14:02:31;;;;;;;7.0422535;;;;;
2013-03-23 15:44:38;;;;;;;7.6439066;;;;;
2013-03-23 20:08:31;;;;;;;7.111145;;;;;
2013-03-23 21:33:01;;;;;;;6.5829763;;;;;
2013-03-23 23:22:02;;;;;;;6.0088797;;;;;
2013-03-24 00:58:16;;;;;;;5.5082664;;;;;
2013-03-24 03:29:16;;;;;;;4.9938765;;;;;
2013-03-24 06:46:46;;;;;;;4.493264;;;;;
2013-03-24 11:37:31;;;;;;;4.9984684;;;;;
2013-03-24 12:04:02;;;-0.1254518;;;0.0367109;5.209737;0.0;0.0;0.0;15.880102;
2013-03-24 12:04:09;;;-0.1254518;;;0.0367109;5.150058;0.0;0.0;0.0;15.880102;
2013-03-25 10:35:46;;;;;;;5.7287197;;;;;
2013-03-25 11:35:31;;;;;;;6.2293205;;;;;
2013-03-25 12:08:16;;;;;;;6.739131;;;;;
2013-03-25 12:33:24;;;;;;;7.3315983;;;;;
2013-03-25 12:53:32;;;-0.1254518;;;0.0367109;7.6071644;0.0;0.0;0.0;21.269135;
2013-03-25 12:53:40;;;-0.1254518;;;0.0367109;7.6071644;0.0;0.0;0.0;21.651783;
2013-03-25 13:11:01;;;;;;;8.11237;;;;;
2013-03-25 13:34:16;;;;;;;8.623316;;;;;
2013-03-25 13:59:16;;;;;;;9.145744;;;;;
2013-03-25 14:20:01;;;;;;;9.655542;;;;;
2013-03-25 14:43:31;;;;;;;10.179117;;;;;
2013-03-25 15:04:46;;;;;;;10.707287;;;;;
2013-03-25 15:27:48;;;;;;;11.217085;;;;;
2013-03-25 15:52:16;;;;;;;11.740659;;;;;
2013-03-25 16:21:01;;;;;;;12.25046;;;;;
2013-03-25 16:53:01;;;;;;;12.751072;;;;;
2013-03-25 17:41:46;;;;;;;13.270056;;;;;
2013-03-25 19:55:01;;;;;;;12.7694435;;;;;
2013-03-25 20:40:01;;;;;;;12.227545;;;;;
2013-03-25 21:31:46;;;;;;;11.726883;;;;;
2013-03-25 22:24:16;;;;;;;11.207901;;;;;
2013-03-25 23:20:31;;;;;;;10.698103;;;;;
2013-03-26 06:14:16;;;;;;;11.212492;;;;;
2013-03-26 08:08:32;;;-0.1254518;;;0.0367109;11.483467;0.0;0.0;0.0;13.073978;
2013-03-26 08:09:12;;;-0.1254518;;;0.0367109;;0.0;0.0;0.0;13.073978;
2013-03-26 08:09:13;;;;;;;11.515615;;;;;
2013-03-26 08:31:47;;;-0.1254518;;;0.0367109;11.621248;0.0;0.0;0.0;12.786991;
2013-03-26 08:33:18;;;-0.1254518;;;0.0367109;11.621248;0.0;0.0;0.0;12.786991;
2013-03-26 08:39:32;;;-0.1254518;;;0.0367109;11.602879;0.0;0.0;0.0;12.786991;
2013-03-26 08:41:20;;;-0.1254518;;;0.0367109;11.598286;0.0;0.0;0.0;12.786991;
2013-03-26 10:07:02;;;-0.1254518;;;0.0367109;11.951929;0.0;0.0;0.0;12.818878;
2013-03-26 10:07:32;;;-0.1254518;;;0.0367109;;0.0;0.0;0.0;12.818878;
2013-03-26 10:07:33;;;;;;;11.901407;;;;;
2013-03-26 10:36:02;;;-0.1254518;;;0.0367109;11.951929;0.0;0.0;0.0;13.073978;
2013-03-26 10:48:23;;;-0.1254518;;;0.0367109;11.951929;0.0;0.0;0.0;13.042091;
2013-03-26 12:07:47;;;-0.1254518;;;0.0367109;12.222902;0.0;0.0;0.0;13.265306;
2013-03-26 12:14:41;;;-0.1254518;;;0.0367109;12.222902;0.0;0.0;0.0;13.616072;
2013-03-26 13:51:46;;;;;;;12.755665;;;;;
2013-03-26 20:35:46;;;;;;;12.255053;;;;;
2013-03-26 22:43:46;;;;;;;11.75444;;;;;
2013-03-27 01:32:46;;;;;;;11.244642;;;;;
2013-03-27 04:31:46;;;;;;;10.74403;;;;;
2013-03-27 06:35:16;;;;;;;10.243465;;;;;
2013-03-27 12:31:46;;;;;;;10.785256;;;;;
2013-03-27 15:18:01;;;;;;;11.313534;;;;;
2013-03-27 17:15:31;;;;;;;11.8417015;;;;;
2013-03-27 21:38:01;;;;;;;11.331905;;;;;
2013-03-27 23:17:47;;;;;;;10.799143;;;;;
2013-03-28 07:07:01;;;;;;;10.289345;;;;;
2013-03-28 12:04:47;;;;;;;10.826698;;;;;
2013-03-28 13:19:46;;;;;;;11.327311;;;;;
2013-03-28 14:21:46;;;;;;;11.832516;;;;;
2013-03-29 00:33:16;;;;;;;11.299755;;;;;
2013-03-29 01:23:02;;;-0.1254518;;;0.0367109;11.203308;0.0;0.0;0.0;12.659439;
2013-03-29 01:23:10;;;-0.1254518;;;0.0367109;11.203308;0.0;0.0;0.0;12.659439;
2013-03-29 03:18:46;;;;;;;10.702696;;;;;
2013-03-29 04:51:31;;;;;;;10.192898;;;;;
2013-03-29 06:33:01;;;;;;;9.692286;;;;;
2013-03-29 11:11:16;;;;;;;10.214281;;;;;
2013-03-29 12:26:16;;;;;;;10.716473;;;;;
2013-03-29 13:56:31;;;;;;;11.239852;;;;;
2013-03-29 15:21:31;;;;;;;11.81375;;;;;
2013-03-29 17:01:46;;;;;;;12.337721;;;;;
2013-03-29 20:48:46;;;;;;;11.8371105;;;;;
2013-03-29 22:08:46;;;;;;;11.331905;;;;;
2013-03-29 23:21:16;;;;;;;10.808329;;;;;
2013-03-30 00:42:31;;;;;;;10.303123;;;;;
2013-03-30 01:58:16;;;;;;;9.802511;;;;;
2013-03-30 03:40:46;;;;;;;9.301899;;;;;
2013-03-30 04:59:32;;;;;;;8.782915;;;;;
2013-03-30 06:37:16;;;;;;;8.268526;;;;;
2013-03-30 10:38:16;;;;;;;8.815063;;;;;
2013-03-30 11:23:01;;;;;;;9.315676;;;;;
2013-03-30 11:57:16;;;;;;;9.81629;;;;;
2013-03-30 12:23:31;;;;;;;10.321493;;;;;
2013-03-30 12:53:01;;;;;;;10.831291;;;;;
2013-03-30 13:28:46;;;;;;;11.348698;;;;;
2013-03-30 13:58:01;;;;;;;11.860073;;;;;
2013-03-30 14:40:31;;;;;;;12.415798;;;;;
2013-03-30 15:21:31;;;;;;;12.943943;;;;;
2013-03-30 16:28:23;;;;;;;13.518015;;;;;
2013-03-30 17:46:46;;;;;;;14.032455;;;;;
2013-03-30 20:44:02;;;-0.1254518;;;0.0367109;13.687998;0.0;0.0;0.0;14.76403;
2013-03-30 20:44:17;;;-0.1254518;;;0.0367109;13.683405;0.0;0.0;0.0;14.7321415;
2013-03-30 22:24:01;;;;;;;13.164434;;;;;
2013-03-31 00:35:16;;;;;;;12.645439;;;;;
2013-03-31 03:55:31;;;;;;;12.135653;;;;;
2013-03-31 06:01:16;;;;;;;11.616657;;;;;
2013-03-31 07:35:31;;;;;;;11.102266;;;;;
2013-03-31 08:50:17;;;-0.1407508;;;0.0367109;10.936926;0.0;0.0;0.0;15.465561;
2013-03-31 08:50:29;;;-0.1407508;;;0.0367109;10.936926;0.0;0.0;0.0;15.465561;
2013-03-31 10:14:16;;;;;;;11.446724;;;;;
2013-03-31 10:54:16;;;;;;;11.964918;;;;;
2013-03-31 11:29:46;;;;;;;12.512247;;;;;
2013-03-31 12:13:01;;;;;;;13.049601;;;;;
2013-03-31 12:49:01;;;;;;;13.550215;;;;;
2013-03-31 13:37:01;;;;;;;14.092161;;;;;
2013-03-31 14:32:46;;;;;;;14.624924;;;;;
2013-03-31 17:47:46;;;;;;;14.11073;;;;;
2013-03-31 21:40:31;;;;;;;13.6099205;;;;;
2013-03-31 23:38:31;;;;;;;13.109308;;;;;
2013-04-01 00:00:00;;;-0.1407508;;;0.0367109;13.109308;0.0;0.0;0.0;15.465561;
2013-04-01 00:50:02;;;-0.1346312;;;0.0367109;12.921005;0.0;0.0;0.0;14.987246;
2013-04-01 00:50:10;;;-0.1346312;;;0.0367109;;0.0;0.0;0.0;15.051022;
2013-04-01 00:50:11;;;;;;;12.921005;;;;;
2013-04-01 03:08:46;;;;;;;12.420393;;;;;
2013-04-01 06:11:46;;;;;;;11.910595;;;;;
2013-04-01 11:03:46;;;;;;;12.429577;;;;;
2013-04-01 12:56:01;;;;;;;13.012859;;;;;
2013-04-01 13:52:05;;;;;;;13.52725;;;;;
2013-04-01 14:56:31;;;;;;;14.046234;;;;;
2013-04-01 16:24:46;;;;;;;14.560625;;;;;
2013-04-01 17:36:16;;;;;;;15.06583;;;;;
2013-04-01 19:28:31;;;;;;;15.589407;;;;;
2013-04-01 21:16:46;;;;;;;16.11298;;;;;
2013-04-02 01:17:46;;;;;;;16.613594;;;;;
2013-04-02 07:54:16;;;;;;;17.160133;;;;;
2013-04-02 10:10:43;;;-0.1346312;;;0.0397701;17.270359;0.0;0.0;0.0;15.816326;
2013-04-02 10:11:07;;;-0.1346312;;;0.0397701;17.270359;0.0;0.0;0.0;15.816326;
2013-04-02 10:19:32;;;-0.1346312;;;0.0397701;17.26577;0.0;0.0;0.0;15.816326;
2013-04-02 10:23:25;;;-0.1346312;;;0.0397701;;0.0;0.0;0.0;15.784439;
2013-04-02 10:23:26;;;;;;;17.242805;;;;;
2013-04-02 10:26:32;;;-0.1346312;;;0.0397701;17.32088;0.0;0.0;0.0;15.816326;
2013-04-02 10:27:45;;;-0.1346312;;;0.0397701;;0.0;0.0;0.0;15.816326;
2013-04-02 10:27:46;;;;;;;17.270363;;;;;
2013-04-02 13:11:46;;;;;;;17.770973;;;;;
2013-04-02 14:38:16;;;;;;;18.27618;;;;;
2013-04-02 15:49:16;;;;;;;18.80894;;;;;
2013-04-02 16:48:31;;;;;;;19.364666;;;;;
2013-04-02 21:48:31;;;;;;;18.841091;;;;;
2013-04-02 23:05:17;;;-0.1346312;;;0.0397701;18.66696;0.0;0.0;0.0;11.352041;
2013-04-02 23:05:30;;;-0.1346312;;;0.0397701;18.68034;0.0;0.0;0.0;11.065052;
2013-04-03 08:17:46;;;;;;;18.170547;;;;;
2013-04-03 10:14:16;;;;;;;18.717083;;;;;
2013-04-03 10:50:31;;;;;;;19.240662;;;;;
2013-04-03 11:59:31;;;;;;;18.726273;;;;;
2013-04-03 12:38:01;;;;;;;;;;;21.26913;
2013-04-03 12:59:16;;;;;;;18.17514;;;;;
2013-04-03 13:45:46;;;;;;;17.656155;;;;;
2013-04-03 14:51:01;;;;;;;17.123394;;;;;
2013-04-03 16:42:17;;;;;;;16.62278;;;;;
2013-04-03 18:12:01;;;;;;;16.117577;;;;;
2013-04-03 18:49:47;;;-0.137691;;;0.0397701;15.768524;0.0;0.0;0.0;22.959183;
2013-04-03 18:49:54;;;-0.137691;;;0.0397701;15.768524;0.0;0.0;0.0;22.959183;
2013-04-03 19:21:48;;;;;;;15.254133;;;;;
2013-04-03 20:02:01;;;;;;;14.744335;;;;;
2013-04-03 20:38:01;;;;;;;14.225353;;;;;
2013-04-03 21:21:01;;;;;;;13.724741;;;;;
2013-04-03 22:06:01;;;;;;;13.201162;;;;;
2013-04-03 22:54:31;;;;;;;12.691364;;;;;
2013-04-03 23:48:17;;;;;;;12.158604;;;;;
2013-04-04 00:44:46;;;;;;;11.6533985;;;;;
2013-04-04 01:37:46;;;;;;;11.129824;;;;;
2013-04-04 02:44:31;;;;;;;10.597061;;;;;
2013-04-04 04:11:16;;;;;;;10.055113;;;;;
2013-04-04 05:21:48;;;;;;;9.54092;;;;;
2013-04-04 06:50:46;;;;;;;9.030926;;;;;
2013-04-04 11:55:31;;;;;;;8.521133;;;;;
2013-04-04 17:09:16;;;;;;;9.030924;;;;;
2013-04-04 20:01:33;;;;;;;9.559093;;;;;
2013-04-04 20:12:46;;;;;;;10.087263;;;;;
2013-04-04 20:21:01;;;;;;;10.624617;;;;;
2013-04-04 20:23:16;;;;;;;;;;;12.850765;
2013-04-04 20:30:46;;;;;;;11.154652;;;;;
2013-04-04 20:38:31;;;;;;;11.667177;;;;;
2013-04-04 20:48:16;;;;;;;12.190752;;;;;
2013-04-04 20:57:01;;;;;;;12.7327;;;;;
2013-04-04 21:05:46;;;;;;;13.256277;;;;;
2013-04-04 21:14:31;;;;;;;13.756889;;;;;
2013-04-04 21:23:46;;;;;;;14.3218;;;;;
2013-04-04 21:33:31;;;;;;;14.863747;;;;;
2013-04-04 21:42:02;;;;;;;15.414881;;;;;
2013-04-04 21:42:31;;;;;;;;;;;2.6147962;
2013-04-04 21:50:46;;;;;;;15.924679;;;;;
2013-04-04 22:00:16;;;;;;;16.434475;;;;;
2013-04-04 22:10:46;;;;;;;16.958054;;;;;
2013-04-04 22:21:31;;;;;;;17.472443;;;;;
2013-04-04 22:32:31;;;;;;;17.973057;;;;;
2013-04-04 22:42:31;;;;;;;18.47826;;;;;
2013-04-04 22:53:31;;;;;;;19.047764;;;;;
2013-04-04 23:08:01;;;;;;;19.644825;;;;;
2013-04-04 23:19:31;;;;;;;20.150028;;;;;
2013-04-04 23:37:31;;;;;;;20.701168;;;;;
2013-04-04 23:53:31;;;;;;;21.224733;;;;;
2013-04-05 00:09:01;;;;;;;21.72535;;;;;
2013-04-05 00:27:16;;;;;;;22.271103;;;;;
2013-04-05 00:44:31;;;;;;;22.772503;;;;;
2013-04-05 01:05:20;;;;;;;23.282303;;;;;
2013-04-05 01:27:31;;;;;;;23.801285;;;;;
2013-04-05 02:00:31;;;;;;;24.334045;;;;;
2013-04-05 02:37:01;;;;;;;24.83466;;;;;
2013-04-05 03:40:01;;;;;;;25.361942;;;;;
2013-04-05 04:42:47;;;;;;;25.88882;;;;;
2013-04-05 07:32:31;;;;;;;26.431736;;;;;
2013-04-05 08:41:46;;;;;;;26.956322;;;;;
2013-04-05 09:15:02;;;-0.137691;;;0.0214147;27.373241;0.0;0.0;0.0;2.1364794;
2013-04-05 09:15:54;;;-0.137691;;;0.0214147;27.373245;0.0;0.0;0.0;2.1364794;
2013-04-05 09:38:16;;;;;;;27.886375;;;;;
2013-04-05 10:05:46;;;;;;;28.426998;;;;;
2013-04-05 10:23:17;;;-0.137691;;;0.0214147;28.761452;0.0;0.0;0.0;2.1683674;
2013-04-05 10:23:39;;;-0.137691;;;0.0214147;;0.0;0.0;0.0;2.1683674;
2013-04-05 10:23:40;;;;;;;28.761452;;;;;
2013-04-05 10:53:16;;;;;;;29.311241;;;;;
2013-04-05 11:15:31;;;;;;;29.847282;;;;;
2013-04-05 12:07:31;;;;;;;29.302078;;;;;
2013-04-05 12:26:16;;;;;;;28.779793;;;;;
2013-04-05 12:40:46;;;;;;;28.271235;;;;;
2013-04-05 12:56:01;;;;;;;27.753513;;;;;
2013-04-05 13:03:31;;;;;;;;;;;12.244898;
2013-04-05 13:10:46;;;;;;;27.20831;;;;;
2013-04-05 13:26:01;;;;;;;26.690594;;;;;
2013-04-05 13:39:16;;;;;;;26.186623;;;;;
2013-04-05 13:59:47;;;;;;;25.641418;;;;;
2013-04-05 14:15:46;;;;;;;25.114536;;;;;
2013-04-05 14:39:16;;;;;;;24.60043;;;;;
2013-04-05 15:04:16;;;;;;;24.076855;;;;;
2013-04-05 15:31:46;;;;;;;23.562462;;;;;
2013-04-05 15:55:16;;;;;;;23.061852;;;;;
2013-04-05 16:31:16;;;;;;;22.561237;;;;;
2013-04-05 17:09:46;;;;;;;22.037663;;;;;
2013-04-05 17:20:31;;;;;;;;;;;22.321426;
2013-04-05 17:55:16;;;;;;;21.48653;;;;;
2013-04-05 18:36:16;;;;;;;20.975296;;;;;
2013-04-05 19:31:01;;;;;;;20.434784;;;;;
2013-04-05 20:20:31;;;;;;;19.929575;;;;;
2013-04-05 21:06:31;;;;;;;19.424374;;;;;
2013-04-05 21:53:16;;;;;;;18.877834;;;;;
2013-04-05 22:46:47;;;;;;;18.372677;;;;;
2013-04-05 23:46:46;;;;;;;17.858238;;;;;
2013-04-06 00:49:01;;;;;;;17.325474;;;;;
2013-04-06 02:05:02;;;-0.1346312;;;0.0214147;16.902939;0.0;0.0;0.0;18.239796;
2013-04-06 02:05:09;;;-0.1346312;;;0.0214147;16.939682;0.0;0.0;0.0;18.239796;
2013-04-06 03:24:46;;;;;;;16.434479;;;;;
2013-04-06 05:39:46;;;;;;;15.920086;;;;;
2013-04-06 11:12:32;;;;;;;16.462032;;;;;
2013-04-06 12:11:31;;;;;;;16.99939;;;;;
2013-04-06 12:54:01;;;;;;;17.55511;;;;;
2013-04-06 13:41:31;;;;;;;18.097061;;;;;
